id,client_id,max_memory_used,cpu_total_tottime,cpu_total_cumtime,cpu_percall_tottime,cpu_percall_cumtime,throughput,latency
1,153,27.8125,0.9021880830000001,5.7390183939999995,2.46883967654544e-05,0.00015704836477574362,19.937403148510658,0.05015698346224698
2,3,40.703125,1.2204103050000004,11.863608837000003,1.0604978362689981e-05,0.0001030909969412317,39.47680771385735,0.025331328896915212
3,169,25.4375,0.8244051200000009,4.096856622999999,3.3780172915386225e-05,0.00016786956045892232,14.548386553306027,0.0687361444745745
4,116,32.203125,1.0594715809999997,2.846423317000001,0.00013736180228186176,0.0003690423074030858,5.267247604229064,0.18985247611999512
5,1,71.359375,2.0388839520000013,16.223653797,1.6299857314167863e-05,0.0001296999967782166,31.39565330242643,0.031851542962564004
6,16,19.75,0.6061602920000001,5.975042561000002,1.6002542094564272e-05,0.00015774024026505456,27.31732132738799,0.03660681030967019
7,89,20.40625,0.7795029600000011,1.8553040780000014,0.00018933761476803523,0.00045064466310420245,9.708340373723182,0.10300421714782715
8,198,70.6875,2.4798775839999974,8.947010843999998,4.86890146663263e-05,0.00017566235729291418,7.633152829005868,0.13100746472676594
9,231,81.984375,3.918383577999999,11.495323976,0.0001259282548528088,0.0003694345023781977,2.8687734986065654,0.3485810226864285
10,98,65.5625,2.046233499999998,6.433444344000001,8.589679707833086e-05,0.0002700631493577366,16.213164634691825,0.06167827333722796
11,81,87.125,3.2192769020000003,8.372612403000002,0.00012618677100972094,0.0003281833020931327,2.56106584536132,0.3904624325888498
12,160,66.15625,2.0554320800000014,5.4860306560000005,8.470419846699091e-05,0.00022607890282700077,4.651252331556804,0.2149958610534668
13,294,37.953125,1.0429281290000005,4.348694627000004,3.754105788128579e-05,0.00015653484852957072,13.895641982900885,0.07196500897407532
14,470,46.15625,2.8155238790000023,10.976849221000013,6.0767139598126654e-05,0.00023691211924546247,6.917744349227701,0.14455579008374894
15,331,18.375,0.497280756,1.8758494340000005,3.604528530008698e-05,0.00013597053015366775,51.747830887909416,0.01932448148727417
16,112,89.515625,3.601848499999999,8.276449332000004,0.00031325869716472424,0.0007198164317272572,2.1030095826909885,0.4755090077718099
17,196,38.859375,1.1713994599999982,3.061347428000001,0.0003251178073827361,0.0008496662303635862,1.3721996919481205,0.7287569046020508
18,60,56.265625,1.7815497009999985,5.331757637000001,9.864070101323286e-05,0.0002952083293837551,8.181070600993985,0.12223339080810547
19,168,48.5625,1.4481989610000003,3.2048078879999995,0.00041591009793222295,0.000920392845491097,3.5277349529122732,0.28346800804138184
20,17,17.34375,0.550326166,3.2309899319999973,2.2520201579571958e-05,0.00013221712697958005,18.856446294685924,0.0530322619846889
21,356,17.21875,0.45994137100000027,1.1945522469999992,0.00013750115724962638,0.0003571157689088189,37.74571634269258,0.026493072509765625
22,450,54.703125,3.2202959270000004,16.161259116999997,4.028844787379115e-05,0.000202190127947855,10.010441306187555,0.09989569584528606
23,143,65.5625,2.0186530020000006,5.366641689999998,0.0001152988920493489,0.0003065251136623257,4.998405488361495,0.20006380081176758
24,155,36.0,1.1309384919999987,4.622594327999995,4.324812588910129e-05,0.00017677224963671108,10.870891920673381,0.09198877215385437
25,333,71.546875,3.5743837849999958,9.512243357000012,0.0001302902888751183,0.00034673191503244193,4.893325306714827,0.2043600082397461
26,18,20.890625,0.6583959519999992,6.0138287489999955,1.0693974889145147e-05,9.767941834099429e-05,41.084242386644505,0.024340232213338215
27,114,34.171875,1.1153593309999996,3.1276012579999994,9.788146827555942e-05,0.0002744713697235629,4.002652972999797,0.24983429908752441
28,295,59.5625,2.067018705999999,5.972429806999998,0.00010258157349875925,0.0002963985015880892,6.023164670299674,0.1660256783167521
29,163,55.21875,1.6573905920000014,5.145592863000001,7.97666085282511e-05,0.00024764620574646264,14.838409615139694,0.06739266713460286
30,30,101.09375,4.497877338000006,31.299962490000034,1.877596935150594e-05,0.00013065877351756396,19.44861635527552,0.051417539517084755
31,225,83.53125,3.9582324250000007,12.085004653999992,0.0001113301576475221,0.0003399056267649207,3.1394324176870017,0.31852891445159914
32,216,78.46875,3.2050096549999973,9.755137438999997,6.882281464064071e-05,0.00020947706497884851,13.925024787242343,0.07181315762656075
33,12,50.859375,1.5056648220000006,12.432019809000005,1.4635582511154102e-05,0.00012084352973939758,27.55915333185247,0.03628558497275076
34,80,29.875,1.067203833,7.923871383999996,1.642155217886379e-05,0.00012192822342586318,26.39365109225351,0.03788789949919048
35,374,18.96875,0.5251294139999992,1.5951804480000005,7.920503981900442e-05,0.0002406003692307693,34.39138063923646,0.02907705307006836
36,271,82.828125,4.752791669999994,29.059668298,3.5131956994175175e-05,0.00021480491630939357,9.884465128413026,0.10116885304450988
37,172,18.171875,0.6442689579999997,1.5969200580000005,0.00017861628999168275,0.0004427280449126699,39.95678806527517,0.025027036666870117
38,342,76.1875,4.846979423000006,19.519168982000004,8.441861890413832e-05,0.0003399604462519159,4.070847875405846,0.245649071300731
39,195,66.5,2.1024525480000005,8.688850977999993,3.937619485335432e-05,0.00016273084949619792,15.139456129914118,0.06605257093906403
40,33,91.640625,3.283901985999999,9.951483813999994,9.390089174196497e-05,0.00028455575357428785,3.566513157855577,0.2803858995437622
41,428,36.875,1.311077500999999,5.790561109999994,3.591993153424655e-05,0.00015864550986301355,14.812577996051678,0.06751019304448908
42,51,105.765625,5.512753618000001,17.389148027999994,8.790167612213987e-05,0.0002772725508729968,21.588478960438618,0.04632100306059185
43,197,58.5,1.7536159040000001,4.774819443000006,8.777735028531385e-05,0.00023900387641405578,4.895968025599442,0.20424969991048178
44,336,78.984375,5.188700026000002,33.68903060500001,3.197256710991707e-05,0.00020759049212501395,10.549552373967186,0.09479075173536937
45,296,83.578125,5.452997752000004,11.962526846000008,0.0007144913197064995,0.0015674170395702316,0.41742533912604196,2.3956379890441895
46,106,101.875,5.720841253999995,36.556811254,2.904275182252003e-05,0.00018558641107726674,11.666454644114205,0.08571584345930713
47,24,117.5,7.512252129999999,30.124709799000026,4.25266752524795e-05,0.0001705352440956027,20.158243422297936,0.049607496995192304
48,284,91.46875,8.180054629000006,41.304132702999986,4.7112260215747406e-05,0.00023788729246266457,6.981739883864418,0.14323077293542716
49,474,41.96875,1.9614521369999993,7.849666402000003,5.360623495490569e-05,0.00021453037447390004,7.7618433807381475,0.128835374658758
50,19,99.546875,3.752661786000003,18.939408578999995,4.487112332599965e-05,0.00022646126577147496,9.202906977509585,0.10866131782531738
51,446,57.546875,3.811221080000002,8.088727971999997,0.0005538760470861796,0.0011755163452986481,1.2623544665569535,0.792170524597168
52,439,41.046875,1.652097329,5.025843295999997,7.123872748048812e-05,0.00021671524712172814,5.939461052902444,0.168365444455828
53,63,69.546875,2.1850050799999976,13.318141110999994,2.188221765996012e-05,0.00013337747599971952,24.86830457769339,0.04021182854970296
54,366,78.5,5.660392735000001,35.46061422199999,3.3583866237503345e-05,0.00021039256116764062,10.306806525676954,0.0970232629776001
55,395,63.28125,3.6571411679999994,7.899608209000001,0.000517861960917587,0.0011186077894364205,1.2440782282810037,0.8038079738616943
56,93,87.375,3.3265571310000017,8.19245154,0.00017877987483205253,0.00044028868382866665,1.7721925037887694,0.5642727851867676
57,255,93.203125,6.469698177000002,18.14159363899998,0.00015531624479654308,0.0004355201929900367,2.127999210556323,0.4699249863624573
58,286,80.859375,4.859345209999998,22.293257167999993,5.808584008702094e-05,0.0002664808765210738,5.978715831849073,0.1672599983215332
59,359,58.28125,2.3375154150000004,7.997607165000007,5.936245562130179e-05,0.00020310351639281831,6.6224589136128325,0.15100131432215372
60,43,107.578125,5.949204063000007,39.77516824399999,2.9212454827574387e-05,0.00019530853090305564,11.546705881901637,0.08660478670088971
61,269,92.640625,6.752112647000007,28.890576238999987,5.863601162800801e-05,0.0002508886111434351,9.153840529851587,0.10924376459682689
62,120,81.125,2.944014783000004,9.209359832999997,6.588816040016123e-05,0.00020610894393715583,13.485687489705054,0.07415268971369816
63,421,52.0,2.409473327999998,7.602529294999998,0.00013956634198331776,0.00044036893506719176,2.8617903219819785,0.34943161010742185
64,285,82.984375,5.172101965999998,35.120212405,2.8789078878962442e-05,0.00019548697450669336,11.866353663863302,0.08427188573060213
65,445,61.640625,4.806213540999999,24.664640344000002,4.6376802410405845e-05,0.00023799757168496826,8.895789074778147,0.11241273726186445
66,23,120.453125,9.021945361000002,55.37413532699997,3.6738942460163954e-05,0.00022549318247417212,10.141696107070272,0.09860283619648702
67,396,72.984375,6.117541661999997,15.450706576000014,0.00021728854379484254,0.0005487925898984163,1.5193787118828384,0.6581637561321259
68,412,34.96875,1.1532471640000004,3.737531229,8.516077123024666e-05,0.00027599551240584845,30.365617087204324,0.03293198347091675
69,222,95.5,6.0461252020000025,14.215960998000002,0.0002975894670473004,0.0006997076831225084,2.460136535306618,0.4064815044403076
70,386,77.078125,7.113160156999995,36.58878915799999,4.5027980635808844e-05,0.0002316156607373458,7.545506208100066,0.13252921307340582
71,418,77.109375,8.81655388299999,39.14307361300003,6.626994800811779e-05,0.000294220336838545,5.119699080187121,0.19532397985458375
72,125,66.375,2.062510212000001,7.619293045,5.788689901768176e-05,0.00021384487917485266,15.938398378570152,0.06274156136946245
73,241,97.28125,8.163670434999997,41.85149975000001,4.8621928606738475e-05,0.00024926295704016065,6.835983141477351,0.1462847375869751
74,379,78.390625,6.970106882000001,17.265417742000007,0.0002697827404396966,0.0006682697686174334,1.3262511709107045,0.754004989351545
75,15,122.0625,8.39611637500001,54.58976913799999,3.115234001068578e-05,0.00020254591210234563,11.758004766578155,0.08504844315444367
76,406,37.796875,1.2383027040000008,4.966612997999999,3.70316906606059e-05,0.00014852755758246354,14.480328859855145,0.06905920505523681
77,258,102.921875,10.95973470699999,50.479778331000034,5.426712702578241e-05,0.0002499506252803789,7.845857226846999,0.12745579878489177
78,71,97.203125,4.485369425999997,14.170758720000011,0.0001295900099965329,0.00040941750606726023,2.713822767348621,0.36848390102386475
79,151,114.375,11.736402666000007,54.28113233799999,6.879647040962278e-05,0.00031818525837651524,4.671298537090297,0.21407323725083294
80,459,70.984375,8.901246489999982,41.45796636299997,5.43149735175308e-05,0.0002529744960581392,7.686361035914396,0.13010057624505492
81,438,73.828125,9.118197331000008,53.08413177400007,4.434769891589298e-05,0.00025818251214209666,7.415781472411451,0.1348475550041824
82,493,59.59375,5.4573247519999954,30.31409450699998,4.083265184697455e-05,0.00022681532129950377,9.979193082260457,0.10020850300788879
83,309,83.5,5.549163250000006,13.211143883999993,0.0002741275132144448,0.000652627766832979,1.233342409730525,0.8108048439025879
84,39,22.6875,0.8214791250000004,5.198328130999999,1.7018419825978878e-05,0.00010769273111663557,41.345392353529725,0.02418649196624756
85,35,89.0625,3.1440692279999998,18.27673196,2.0326938600290933e-05,0.00011816215910780668,17.168566761186426,0.058245980221292244
86,59,114.484375,7.5929301330000065,42.41095380400006,3.389700952232146e-05,0.00018933461519642883,12.315604053225478,0.08119780367070978
87,361,82.4375,6.611105851000005,38.64212375599999,3.611915607312225e-05,0.00021111761487357673,11.119310514860462,0.08993363380432129
88,261,102.734375,10.597267413999996,46.47057475800001,7.907995413672417e-05,0.0003467772187870784,4.086852574288131,0.2446870744228363
89,8,101.578125,3.6429627740000026,21.23129299499999,2.4696378374347518e-05,0.0001439312114093959,28.06168391048148,0.035635780204426155
90,405,77.203125,8.635784957999991,35.58445676399999,6.257407095189439e-05,0.00025784156659348293,7.8318605197890045,0.12768358137549424
91,307,84.375,5.612986713999998,31.343707851,4.313932285013794e-05,0.0002408960507481958,7.932201723024039,0.1260684025593293
92,118,112.546875,9.865236085000008,45.58581014000008,5.6590083549401174e-05,0.00026149448246982746,6.250619599108506,0.15998413983513327
93,319,86.078125,6.458426745999999,14.776383401999993,0.00042796545928036573,0.0009791520377708564,0.8142758575970858,1.2280850410461426
94,131,107.5625,7.312537167000001,17.76949636599998,0.00025742931658804483,0.0006255543323945639,1.224989001197775,0.8163338601589203
95,303,88.96875,6.738427288000004,18.310472331,0.00023266443229058781,0.0006322240291071059,1.3409151034314422,0.7457593679428101
96,232,102.375,9.720298988000012,23.955527204999996,0.0003318527529958012,0.0008178460006486633,1.1228372259685342,0.8906010389328003
97,455,71.703125,9.050594877000014,51.750833242999995,4.415592053920356e-05,0.00025248126908459324,7.46808716824626,0.1339030969338339
98,101,101.421875,5.589778041,23.217220176999966,4.8049805652738255e-05,0.00019957553039120428,10.508223579663726,0.09516356331961495
99,237,104.78125,11.663195810000001,31.799300165000012,0.00018279152133028243,0.0004983747635802278,1.6561987089071002,0.6037922832700942
100,180,105.78125,9.441934947000007,42.795870601000026,5.293988823786673e-05,0.0002399517280490268,7.7395664935549195,0.12920620306482855
101,38,125.21875,13.011302211999999,39.360680273999975,0.00019770409973864946,0.0005980775584088005,1.752204338927649,0.570709692804437
102,94,119.578125,12.238641523999998,66.99070223700001,4.701925361711936e-05,0.0002573694811056898,7.83581905266632,0.1276190776329536
103,124,110.828125,9.735619914000004,55.63308448599997,4.040866775689105e-05,0.00023091070184992247,10.191649246434752,0.09811954628931333
104,200,97.875,6.122974471999994,34.295269400000016,4.055997556984912e-05,0.0002271796649465757,8.342200523867957,0.11987244817945693
105,164,106.71875,8.865411715000008,41.49430963099997,5.7815011738543556e-05,0.0002706015327342327,5.555807132888524,0.1799918492635091
106,330,78.25,5.025476789000006,23.115613783,5.3881533939465485e-05,0.0002478381218089612,7.679151990967097,0.1302227122443063
107,440,73.734375,12.563198715000011,56.11519360000001,6.825822158170978e-05,0.00030488440131700486,4.905633944126652,0.2038472522388805
108,158,113.90625,11.749811837999998,63.19943190200001,5.543017732279749e-05,0.00029814568652907186,5.755674887947906,0.17374157148694236
109,230,98.875,9.140095182999998,42.63782455100002,5.1122245680662666e-05,0.00023848125192825074,9.235377454494815,0.10827927769355054
110,246,102.328125,9.961617801000001,27.06265928100001,0.00023891636409641446,0.0006490624602710159,1.4606907979318713,0.6846075852711996
111,68,121.6875,13.045000946999995,72.58501167400001,4.515638038319745e-05,0.0002512591919760459,7.394976178575267,0.13522693999978
112,384,84.359375,11.308765215000003,28.642828655000034,0.00033665054819599914,0.0008526681547689936,1.0028935310643323,0.9971148173014323
113,135,108.5625,8.22573268000001,44.133990446,3.672448012143675e-05,0.00019703993770118534,10.042693117478702,0.09957488377888997
114,127,94.921875,4.442845387999999,12.551786672000018,0.00012991915630026024,0.0003670435029973395,7.115929671072433,0.14052977561950683
115,365,82.3125,8.18479482900001,44.252921349000005,4.3093290382873924e-05,0.0002329934995103511,7.592294772403952,0.1317124835082463
116,75,106.390625,6.071457857999999,30.897698868000035,5.047770084802127e-05,0.0002568814338875959,7.569335125437608,0.13211199972364637
117,332,93.453125,11.739124203000006,27.689712131999986,0.00044434400253605383,0.0010480984190166162,0.6361334624719076,1.5719971656799316
118,28,126.9375,11.547497455999993,49.99678082500001,6.98907981745772e-05,0.0003026036534178258,6.034842548320373,0.16570440603762257
119,375,85.4375,9.550119002999992,41.82479142800005,6.161088855987143e-05,0.0002698251783983952,6.607486476155095,0.15134348040041717
120,480,68.8125,12.687783146000006,58.81123506100002,6.168310611445216e-05,0.000285917532735679,5.704626496387693,0.17529631442711002
121,363,89.234375,12.026802452999998,32.305194311,0.00022799625503317533,0.0006124207452322275,1.3199850576184904,0.7575843334197998
122,310,77.453125,4.131142252000002,18.017236588,5.8513933966941004e-05,0.00025519803668503277,6.387284428277447,0.15656105677286783
123,389,83.828125,11.043450117999996,45.61573557799996,0.00012283329386247855,0.0005073714276911436,2.8564315485406704,0.3500871570022018
124,25,127.125,12.581612510000003,30.761987637999983,0.00032171454715147806,0.000786590662728853,0.9976243971825414,1.0023812597448176
125,486,67.859375,14.209598289999995,49.86655095200003,9.213490779764758e-05,0.00032333426887814007,3.3833251531670308,0.29556721708048944
126,288,95.140625,15.681012043000004,74.70909001199995,5.160366481831287e-05,0.0002458554861949359,6.055971735198427,0.16512626606029468
127,105,105.5,6.319293172000002,19.33761183200003,8.427634493151784e-05,0.00025789328023685405,7.759777499874069,0.1288696744225242
128,247,101.421875,13.715059747000009,71.261611645,5.2615251439576195e-05,0.0002733817922675291,6.340412888463183,0.15771843531192878
129,433,74.125,15.201233531000002,39.84919422299999,0.0002603976485773507,0.0006826180554499202,1.1726142758869413,0.8527953484479118
130,265,97.65625,9.322871179000007,54.64719477300002,4.2541438566630804e-05,0.00024936205109332514,7.876991886919904,0.1269520159923669
131,326,92.28125,12.920448597999988,48.598804853000054,9.877414682588211e-05,0.00037152777240688685,4.697290869895226,0.212888668744992
132,304,94.140625,13.758627929000001,73.52640227900002,4.361490767045905e-05,0.0002330790005579208,7.1936565479578105,0.13901136276569773
133,482,68.578125,13.147723999999986,53.358821653999996,7.58939955437028e-05,0.00030800876051443677,4.327234348290718,0.2310944865731632
134,88,117.71875,13.422824260999993,37.15793273999994,0.00019778422569475133,0.0005475191220935365,1.583268941411911,0.6316046338332327
135,233,102.421875,9.897774375999997,25.70270655100001,0.0002992252970554446,0.0007770332713888388,1.2238592658018572,0.8170874118804932
136,328,91.5,15.898485969999992,69.46594038600006,5.724027351935191e-05,0.0002501023956291631,5.97609624892564,0.1673333156539733
137,236,101.875,15.662848262,39.915881964000015,0.0002964202926192279,0.0007554103323996975,1.0160813026230098,0.9841732127325875
138,252,100.53125,15.018481020000003,63.252650449999976,6.914586104972377e-05,0.00029121846431860027,5.267854492931411,0.18983060396634616
139,435,76.46875,9.440552337999991,48.19505866800001,5.5825580918702785e-05,0.0002849957344892022,6.643075552046417,0.15053268507415174
140,208,105.34375,14.724425239000006,42.78271455800004,0.00015537502758344155,0.0004514516082391554,1.9177829341476318,0.5214354462093778
141,223,106.296875,11.230940433000006,57.25884654099998,6.202677715860519e-05,0.00031623190737631573,5.180120916532902,0.1930456867924443
142,387,83.921875,12.066597977000017,67.63584068200001,4.483324159929263e-05,0.00025129982716315434,7.132161370643473,0.1402099515184944
143,397,78.859375,16.116987677000015,44.62350429799994,0.0001923314121697417,0.0005325127604238757,1.5630649747132908,0.6397686700026194
144,456,71.578125,12.618482495000004,72.66949307199998,4.211776533711617e-05,0.00024255505030707603,7.441646894004537,0.13437885648748848
145,478,68.875,13.25777707300001,61.79208255600002,5.5752968199499616e-05,0.00025985442316280835,5.962643743291927,0.16771084154155894
146,449,72.703125,13.996267908000007,56.289914787999976,7.197467825425154e-05,0.0002894663443466812,4.573121946888504,0.21866899934308281
147,402,82.640625,10.152927116000004,41.397940758,8.402584697635545e-05,0.00034261026357474485,3.8538973803952667,0.2594775888654921
148,287,95.625,14.070616034999984,38.49761447399998,0.00018885465451983069,0.0005167118243607809,1.5666599148329818,0.6383006232125419
149,293,91.09375,8.554068306000012,35.276628142999975,6.867317726112307e-05,0.0002832053767842518,5.336220777224202,0.1873985432289742
150,490,63.078125,7.966027910999998,47.28504205300002,4.245536718487685e-05,0.00025200813318019763,7.823902992020273,0.12781344567026412
151,273,97.578125,15.399416365999992,41.18415241000002,0.00023653200777206038,0.0006325804839874053,1.286631694119714,0.7772231980373985
152,146,114.671875,11.977214427999995,29.297409825000003,0.0003746743337817122,0.0009164891865048332,0.8026672665219492,1.2458462450239394
153,206,108.0625,12.459991350000005,76.922644294,3.996827988721625e-05,0.0002467470233683083,7.87116346881914,0.127046021082068
154,471,72.125,10.752559897000003,57.70307815899995,5.0757690423478e-05,0.00027238862240548315,7.535414626083628,0.13270669891720727
155,305,96.640625,10.890997196,65.218835089,4.6742477236051507e-05,0.000279909163472103,7.440040567038767,0.1344078692837038
156,203,105.28125,16.095819203000023,69.62081800700003,5.996996700049934e-05,0.0002593939522910008,5.187187036929826,0.1927827149629593
157,376,83.53125,12.379630875999998,62.12473233300004,5.601693624376691e-05,0.00028110993010344005,5.64692992114344,0.1770873756119699
158,479,68.921875,12.592323779000003,48.662584592000016,0.00010385421673402064,0.00040134090385154653,4.007074235499605,0.24955864085091484
159,130,113.015625,16.86609691100002,76.54393441200001,5.771257792658856e-05,0.0002619187950164761,6.463255344572329,0.15472079419541632
160,472,69.203125,13.526383717000002,34.253831653000006,0.0002663093344818082,0.0006743942284808633,1.2905283303688893,0.7748764412743705
161,134,115.578125,12.298822048,57.079233671999994,7.813091706529957e-05,0.0003626081306626517,4.364715687451459,0.22910999744496446
162,415,78.015625,12.551510972999996,50.028622862999974,8.735861421372789e-05,0.00034819960511003753,4.825258892540186,0.2072427660919899
163,487,69.890625,11.605979760999999,61.04750612200003,5.619485578920355e-05,0.00029558519603352536,6.510498631294827,0.15359806623615202
164,260,98.328125,18.21916870999997,85.60459266300009,5.668619155330976e-05,0.0002663457600496574,5.683767366681895,0.1759396427556088
165,290,95.453125,13.831428112000003,69.46722270900005,5.1546143054660116e-05,0.00025888631097040616,6.328110982093748,0.1580250414111946
166,85,116.15625,17.484023758999985,44.29617844999998,0.0002242806680563393,0.0005682202582225868,1.30676249576832,0.7652500000866976
167,73,116.96875,18.704795498000006,50.43035886700008,0.0002232448797889863,0.0006018948137755721,1.3198178065991353,0.757680336634318
168,483,67.34375,16.102527824,61.715265882999965,8.570325687248187e-05,0.00032847012237674755,3.600764245388622,0.2777188207421984
169,55,120.15625,16.490550233999954,44.197843400999965,0.00023301281929038667,0.0006245191307315139,1.2612412875149426,0.7928696990013122
170,176,109.953125,13.745321994999998,33.28937852799999,0.0003843017864232392,0.0009307288430117145,0.8555356169420082,1.1688584089279175
171,108,115.65625,16.807210182000038,44.528513840000045,0.00023223039230099675,0.0006152641708924605,1.3065233187808214,0.7653900895799909
172,217,100.4375,9.252611074999997,45.73635949699998,5.076015094826118e-05,0.0002509112825637339,10.616004379917634,0.09419739896600897
173,199,105.8125,17.638819628999972,79.18034613599995,5.844810438191292e-05,0.0002623724961926662,5.432101053644161,0.18409083154466416
174,193,107.796875,13.351237700000008,34.230255431,0.00025178187904275197,0.0006455250236860468,1.1801366724685065,0.8473594824473063
175,281,96.984375,14.338767751999994,63.79693638099995,7.283109632918011e-05,0.00032404463894208035,5.748867977958173,0.17394728907223406
176,408,81.53125,11.897905561999998,66.77372358499997,4.754996847561535e-05,0.00026686112399537995,7.153150227779089,0.13979854583740234
177,256,99.0,17.702170457000015,76.78860243599993,6.661612912536603e-05,0.0002889679244507663,4.759324634702641,0.21011384529403493
178,141,113.0,13.187180961999985,68.57560712199998,6.092990390515259e-05,0.0003168459706605307,5.841775135814213,0.1711808443069458
179,97,115.203125,18.502174844999985,81.87823455300008,6.139762682926824e-05,0.0002717047770134398,5.590990025976684,0.17885919941796197
180,205,103.8125,18.59651724699998,72.72122394700003,7.848453120766414e-05,0.0003069118316360338,4.2395632148392615,0.23587335518428257
181,113,114.125,17.400952911999987,45.11035327900003,0.00024124097700018005,0.0006253948133118913,1.4238590336559172,0.7023167156037831
182,244,100.5625,16.96945595399999,80.30290056300002,5.369078543563066e-05,0.0002540756648695339,5.715662749252034,0.17495783846429053
183,321,91.328125,16.920634420000003,70.23705284000008,7.617995452785508e-05,0.0003162207372790552,4.007558745334904,0.24952846946138324
184,340,90.53125,12.981304237000005,69.23805482499994,5.305724635625712e-05,0.0002829900959879997,6.686115751635841,0.14956366852538228
185,354,90.8125,11.157314166999992,28.307264064999977,0.0003281273466164748,0.000832493134870452,1.1527689652892177,0.867476511001587
186,194,106.25,17.558956584,46.520479561000016,0.00022055665708687133,0.0005843400437245644,1.399562171988243,0.7145091658053191
187,315,91.109375,18.819563544999983,53.624399173,0.00019904140141299386,0.0005671478796945564,1.5109212645573633,0.6618478563096788
188,221,101.84375,19.26314885,48.626782831000014,0.00026121649015513126,0.0006593998539677806,1.1195154847585138,0.8932435626075381
189,298,92.640625,19.605735407,49.33469512499993,0.000329203852019142,0.0008283888023675582,1.0597225513994992,0.9436432193307316
190,466,69.671875,13.99844894800001,39.42688657900002,0.00018334336089900606,0.0005163899173422748,1.8316598195143503,0.5459529053081166
191,72,117.0625,18.717915462000004,49.99362829899999,0.00021465253221866727,0.0005733148507356565,1.3742852809196593,0.7276509571075439
192,264,97.84375,16.888040007000015,72.2238669059999,6.017109245832255e-05,0.00025732938644728416,5.798035623968394,0.1724722069430064
193,117,112.78125,19.367553075999997,46.44360165099997,0.0004461130758741419,0.0010697839786935083,0.6728781909498133,1.4861530860265095
194,414,76.609375,16.182467127000017,37.390921591,0.00043592659681590475,0.0010072442646139755,0.6758918737112314,1.4795265913009643
195,78,116.46875,18.923631710000002,50.407194161000014,0.0002680021485625266,0.0007138818037246851,1.091390024383375,0.9162627270347193
196,174,110.125,13.622482171000017,76.54641744799994,4.532246337268112e-05,0.00025467254480849574,6.935069136687257,0.14419466919369167
197,323,90.296875,18.636950644000002,79.90291723199996,6.744210264167331e-05,0.0002891471275674892,4.77326991603305,0.2094999900678309
198,400,78.046875,18.495188992000013,83.77606195300005,6.54516239480781e-05,0.00029647057432991974,4.785779645909271,0.20895237014407203
199,204,105.234375,15.582985671999989,71.40438834800001,6.65456107614126e-05,0.00030492543172908575,5.9649324837033895,0.1676464910092561
200,178,108.375,17.546419567999997,80.41693099600002,5.2660322833133246e-05,0.00024134733192076837,6.959846570566792,0.1436813282966614
201,313,91.25,19.19423700799999,76.84487676499998,7.352029312761895e-05,0.00029434136208507925,4.163925918311958,0.2401579710153433
202,109,114.859375,17.494819636999992,65.60743381300004,8.493496733647601e-05,0.00031851515840449775,3.598732577950677,0.27787560713095744
203,250,99.0,18.334775456999978,47.53122966900002,0.00031944343607568434,0.0008281279125548823,0.8959622193665585,1.1161184906959534
204,463,69.515625,16.896937291000025,43.10055648900004,0.0002775540801438948,0.0007079824647491711,1.2338880587577346,0.8104462904088637
205,437,71.90625,18.088020862,90.44423774299999,5.361717141290332e-05,0.00026809810953743086,5.686200730706532,0.17586435079574586
206,218,102.875,17.472991581000024,50.07479763500003,0.0001932019546987475,0.0005536858836895591,1.6646085310544891,0.6007418449108417
207,58,119.78125,16.901165740999986,41.163464024000035,0.00029529423850790574,0.0007192009089543118,0.988698808943251,1.0114303678274155
208,299,92.5625,19.589616108999994,80.75902112100003,7.568993991437864e-05,0.0003120349792553727,4.239564711915903,0.23587327189259716
209,368,85.265625,15.177310199000004,59.49859741699997,6.752073226710564e-05,0.0002646970256117091,4.803260670959692,0.20819190722792896
210,87,115.15625,20.273115704000006,56.83532352400007,0.0001892896957451378,0.0005306703347681167,1.5623101601928928,0.6400777678335866
211,497,63.484375,20.40991861299999,75.18044511500008,6.197481709005664e-05,0.00022828578707724287,4.863349076598337,0.20561962224999253
212,263,96.96875,18.403517119000004,54.07647981100003,0.0001774722474782542,0.0005214804510308784,1.7241279048497262,0.5800033728281657
213,64,117.453125,20.207140533999983,53.87508254300001,0.00021276497287678716,0.0005672613825152148,1.3672860480647382,0.7313758532206217
214,404,77.671875,19.398630612999995,88.337432082,5.880689548306907e-05,0.0002677946830023949,5.369646089614551,0.18623201293174665
215,425,74.765625,16.805772261,71.60858378799998,6.346518831357651e-05,0.00027042210166803237,5.29890849526694,0.18871811070019687
216,179,109.734375,13.542649416000003,29.525405024000005,0.00071190923702886,0.0015520898398780425,0.5584712726635157,1.7906023979187011
217,496,63.859375,19.975739706999985,49.75686310800001,0.00023881570574451534,0.0005948575899097378,1.263790378465958,0.7912704646587372
218,314,90.96875,19.506655991999992,50.68729347,0.0003500709951545169,0.0009096459830946485,0.7874893718231641,1.2698584079742432
219,276,95.046875,20.722696615999986,83.90468898599998,6.221369248459116e-05,0.00025189870871148546,4.925218750789144,0.2030366671205771
220,239,99.875,19.848708227000007,88.87965036299997,6.379616113998465e-05,0.0002856700008774551,5.127610344103881,0.19502261928890063
221,454,69.53125,18.495513200000023,46.397107277999936,0.00030055922778166017,0.0007539709000763758,0.9422311380314423,1.0613107120289522
222,40,120.65625,18.716841451999986,52.888623479000024,0.00016619317402615842,0.0004696159994938779,2.3337895039943914,0.4284876585006714
223,441,71.34375,18.696660129999994,88.14401885899994,5.9800990666820174e-05,0.00028192733956078386,5.371134091170307,0.18618041981932937
224,411,76.25,19.59400733700001,51.37450059800005,0.00025563958585463244,0.0006702741215964101,1.2063885060274786,0.8289203643798828
225,165,107.90625,21.819648709000013,79.91464479500002,6.625144592313255e-05,0.0002426464714768056,4.648184366787956,0.21513776586513328
226,448,70.96875,17.95373226199999,59.41861061699999,0.00013018158014110336,0.0004308412594679254,2.4103451669272986,0.41487833930224904
227,103,114.421875,19.891470414000004,56.037853678000005,0.00017681935725714695,0.0004981319662743565,1.6892822878006784,0.59196737408638
228,343,87.46875,20.189444923,52.51669481299995,0.00023863463811403716,0.0006207353649118239,1.2300436924927427,0.8129792511463165
229,150,108.9375,21.725017915999995,77.931961123,6.856281079204576e-05,0.00024594844182817177,4.37373591086486,0.22863748986670313
230,79,114.609375,22.670083755999997,58.142453688999964,0.00016329972091482078,0.00041881832298937483,1.781265891584085,0.5613985002040863
231,66,116.46875,21.81074016600002,62.26086767599995,0.00016457954910808624,0.00046980824360870444,1.76587407079014,0.566291796533685
232,358,84.171875,20.99585524899999,90.47566464699999,6.633761532069507e-05,0.00028586307945339647,4.967091992761681,0.20132504118249772
233,91,115.03125,20.018574284000007,90.21118409099998,6.194421617038659e-05,0.000279143809596158,4.960279697860104,0.20160153477462298
234,211,102.453125,21.220557758999977,52.36729685600001,0.00031484039938576544,0.0007769513338971233,0.9089709959054673,1.1001451140955876
235,489,64.78125,19.71351121599999,81.92942252099998,5.982856211229132e-05,0.00024864771630045515,5.045194665122675,0.19820840747988955
236,345,87.625,19.493569543000003,50.58193328800005,0.00031149839474272934,0.0008082763388942162,0.8951447871908539,1.1171377125908346
237,443,70.53125,20.090411335999985,49.507348216999986,0.00033523688591499917,0.0008261000219760048,0.9145423185847341,1.0934431132148295
238,107,113.34375,21.750811874000036,79.72728576799994,7.658655674059793e-05,0.0002807269140396402,4.01789958411121,0.24888625986435833
239,422,74.09375,20.79417484,56.97234148599999,0.00014430378098542678,0.00039536670011103395,1.997427995781678,0.5006438290200582
240,212,101.578125,22.491940376999995,59.40284313899998,0.0001858653718391564,0.0004908839052242751,1.6186755531714132,0.6177890300750732
241,434,71.65625,20.20857716300001,79.285752019,6.385561221020438e-05,0.0002505292774391496,4.847431748112695,0.20629480763485558
242,128,109.5625,23.65663158199999,61.987355052999995,0.0002631204295724517,0.000689453163823019,1.0882608126235498,0.9188973712921142
243,491,64.296875,20.165817588999982,51.247127553000055,0.00024038118021003422,0.0006108775381506962,1.2069254630909256,0.82855158050855
244,228,99.015625,22.815123495000027,54.693958048999995,0.00031210839254446,0.0007482073604514364,0.8859900857417392,1.1286808013916017
245,302,90.625,22.250184090999987,54.195255617,0.00036478701682105067,0.0008885196428723666,0.7718307916818956,1.2956207640030806
246,430,71.75,20.493632753000018,80.45876376699997,6.051549457406007e-05,0.00023758608055786035,4.939741058085566,0.2024397611618042
247,373,81.1875,22.436931536,57.08316129600004,0.0001982656587314211,0.0005044197134828486,1.4398123831131628,0.6945349350571632
248,31,119.328125,24.429155176000013,63.74517238099994,0.0002381496717261819,0.0006214251687089945,1.214764240620453,0.8232050027166095
249,498,62.671875,21.308580846000012,60.812185910000004,0.00014386219666752192,0.00041056580503382443,1.9889130548348593,0.5027871869859242
250,159,107.78125,22.58192785600003,60.16672984400003,0.00018559064939675885,0.0004944831342581942,1.5613824411355004,0.6404580797467913
251,348,86.46875,20.76374916699999,75.60828257700008,7.184215974382304e-05,0.00026160315611430416,4.198583577183632,0.23817556126173153
252,394,76.703125,21.663197511,54.96682437300003,0.00022172499832144355,0.0005625909580360892,1.3033480105468183,0.767254786831992
253,465,65.921875,21.891278223,54.465646273000004,0.00030941298671396874,0.0007698215752851551,0.934371518463878,1.0702381014823914
254,492,63.046875,22.04328505400001,58.57013674699999,0.00019274671272428396,0.0005121378820870204,1.5269115449994393,0.6549167849800803
255,209,100.796875,24.382834245,67.68662809199992,0.00016154205200148407,0.0004484399428374559,1.7804153794145052,0.5616666827090951
256,280,93.546875,22.267709480000022,53.94806135099995,0.0002875850378406305,0.0006967333249515685,0.9522133572184187,1.0501848061879475
257,329,87.5,21.878453799000006,60.14353903899995,0.0002075026205127233,0.0005704215696482255,1.3820892458711236,0.7235422770182292
258,10,124.703125,24.898458343999987,63.842821179000055,0.00027675101252681524,0.0007096248755543705,1.0130669889696255,0.9871015548706055
259,467,65.21875,23.113851344000004,61.526778284000024,0.00017092883227213905,0.0004549955872360882,1.737409215514301,0.5755696418957833
260,390,76.40625,23.900385545000027,68.19112529799992,0.0001569172852106205,0.00044770684711644467,1.8328375207741996,0.5456020998400312
261,344,85.140625,23.913189662000008,71.70424915600002,0.00029735746107263216,0.0008916331856402097,0.9284329655700073,1.0770836851813577
262,484,64.359375,22.037058160999997,57.74696434000006,0.0001924650709700521,0.0005043447046699103,1.5113224187123624,0.6616721803491766
263,7,125.03125,24.93768314300001,71.16055971900002,0.0001546053177205067,0.0004411717352184454,1.892768492246597,0.5283266305923462
264,243,96.8125,24.458657046999996,67.819659835,0.0001567239753879868,0.000434568695999026,1.8729962052868212,0.5339039113786486
265,202,101.421875,24.001572626999998,58.179990481999994,0.0002872100879164273,0.0006961993883065287,0.9752299221822686,1.0253992184348728
266,242,96.9375,24.36046598699997,73.821318918,0.0001375807819081342,0.00041692120272445403,2.0699887179479384,0.48309442043304446
267,26,120.171875,24.161751959999986,72.31569116100002,0.00025193948009968393,0.0007540503546395839,1.1493115388287685,0.8700861047815394
268,167,105.453125,25.38857831399999,73.58778065600008,0.000136225282306355,0.0003948435422488361,2.1424238824446755,0.46676104023771464
269,270,93.546875,24.438451285999992,62.019185202000024,0.000239009196041037,0.0006065505305870965,1.1667521824201137,0.8570800338472638
270,22,119.9375,25.972119372,71.43216564400005,0.0001540951394396782,0.0004238140664507022,1.8634597277396028,0.5366362283627192
271,6,124.84375,25.478276163999997,63.293048855,0.0002760496247291323,0.0006857615590599809,1.0301578377352234,0.9707250319994413
272,385,76.78125,24.264439756,67.80496956900001,0.00013512674728236658,0.00037760051662322913,2.1208261376093263,0.47151436992720064
273,381,77.25,25.04007487800001,74.51228726800008,0.0002070522828438183,0.0006161299139048759,1.4215968497318738,0.7034343106406076
274,219,99.6875,23.56560576200003,62.681270173999984,0.00021018199930431707,0.0005590552102568675,1.3718160236629289,0.7289607226848602
275,245,96.46875,25.069183499999973,64.052426535,0.0003001614423065407,0.000766920419724853,0.9338117896659457,1.070879604505456
276,279,92.21875,25.009399673000026,73.36196025999999,0.00017481266896633693,0.0005127912001621651,1.6693501104932136,0.5990355131102771
277,426,71.015625,23.69581254700001,55.74354887300003,0.00038188255514907347,0.0008983650100402906,0.7755630484403859,1.2893858236425064
278,360,82.5625,23.430856156,58.927458129000044,0.00023918311341132278,0.0006015338409689476,1.2427246666088692,0.8046834724290031
279,272,93.375,24.038887546,61.096506596000026,0.00019844216964123564,0.0005043545922501612,1.4957704879390936,0.6685517651694162
280,262,95.125,24.062245904,65.40420478,0.0002105607069139022,0.0005723304320204416,1.3425834517716644,0.7448326572775841
281,119,109.421875,25.244491358999998,64.22186385799999,0.00024276117049880274,0.0006175832430160882,1.1589956099407643,0.8628160378028606
282,161,106.125,25.766289547,65.00811994500002,0.0002687151495718919,0.0006779659385005268,1.0306928838349536,0.9702211159926194
283,392,75.9375,38.255651411,286.13610366599994,0.00023626996517308465,0.0017671994791464655,1.2024532946031383,0.8316331324370011
284,136,107.765625,42.99793709400002,339.31520921299983,0.00041242649913674054,0.0032546348336114934,0.6744710051055484,1.4826434234092976
285,192,102.421875,40.94674354600002,312.43707179299975,0.00028744440927757633,0.0021932950403507154,0.9768779568781099,1.0236693263053893
286,152,106.6875,48.211024784000045,421.9210815409998,0.00028810738081834887,0.0025213854768580757,0.9956959814374161,1.0043226232131321
287,432,69.5,47.16480146100003,422.97332040199996,0.0002622160530438652,0.0023515501217657195,1.060182399831273,0.9432339191436767
288,419,72.203125,47.227763967000044,420.90339054700013,0.0003153942378691352,0.0028108572781651115,0.8683318561238903,1.1516334370868961
289,275,92.78125,47.83255656900001,434.839968184,0.0002794284178583947,0.002540249843346185,1.0243950503073869,0.9761858959587253
290,20,120.5,48.90613466499996,430.9812946210002,0.00020464273469242565,0.0018033972902716938,1.3905253422904928,0.719152660930858
291,462,65.796875,47.24604707799997,420.03338439299995,0.00025112175549059194,0.0022325575868661633,1.1218996685336184,0.8913453030136397
292,171,104.953125,48.58021308100001,433.2609259470002,0.00023026089364818305,0.0020535737013968225,1.2144731865139122,0.8234022875963631
293,292,90.0,48.26811313999994,436.18530519499996,0.00022076827407986727,0.0019950205372146522,1.243042118657266,0.8044779698053995
294,369,80.34375,48.04645800900004,428.91632990500005,0.00018706037768736631,0.0016699097913373566,1.456986981624988,0.686347930771964
295,29,118.609375,49.34864291000002,429.94095926299985,0.00015517172467031002,0.0013519050620483856,1.8642837494637736,0.5363990327586299
296,477,63.546875,47.65876631700006,426.5731132340005,0.00017862101574873997,0.0015987598644529,1.5317116448681973,0.652864397388615
297,215,98.828125,48.737893713,430.3186331539998,0.00015629485562143838,0.0013799650234388272,1.8260713848894874,0.5476237173830525
298,253,95.203125,48.63119804600001,428.060278132,0.0001902800253778705,0.0016748779355419306,1.4393868905321872,0.6947402443204608
299,499,60.671875,47.662741616999995,429.1209459350005,0.00016007369017144966,0.0014411880436432656,1.7203969699801964,0.5812611957875694
300,352,82.84375,48.282335379000024,433.8930683690001,0.00016723471781025952,0.0015028681665650656,1.6361879101900918,0.611176744292054
301,297,89.359375,48.47390016499998,433.77371104299993,0.000154241867442852,0.0013802493096521482,1.8360140686641704,0.5446581358320257
302,191,101.9375,48.95122478500004,431.49709733000043,0.00017101939959543322,0.0015075082357318553,1.6138302641255802,0.619643851171566
303,464,64.421875,47.91129903599999,437.80535847799996,0.000157432060710413,0.0014385875808431636,1.7532174038971267,0.5703799185298738
304,104,110.71875,49.511589763999964,437.26696107499976,0.0003094880563323934,0.002733277249357727,0.9290746067898873,1.0763398253399392
305,190,101.90625,49.198666669,438.7854230620003,0.0002645345607047994,0.002359289732673056,1.036602177756436,0.9646902364843032
306,111,110.078125,49.610595351000036,453.7776849559999,0.00016760959140711324,0.0015330896923737027,1.6730057796842965,0.5977265662457569
307,409,73.046875,48.635078750000034,441.94817331,0.0004553718411467846,0.004137975275132721,0.5962723438919165,1.6770859997847984
308,214,99.328125,49.88459668,464.8185327880004,0.0002303510668224364,0.0021463828923665162,1.2233728166508866,0.8174123099592866
309,461,65.25,48.926328393000034,451.5411695250001,0.00040250362710707115,0.0037147066720825974,0.6956300117921609,1.437545797404121
310,166,104.8125,50.31263336400004,453.7836315360002,0.0005249703498993107,0.004734853572512236,0.5367862476872981,1.8629389339023166
311,401,74.0625,49.97175251399996,464.45610613399987,0.0002639859718537534,0.0024535840828644926,1.0416737147168385,0.9599935045609107
312,96,110.96875,51.08308624199998,457.08930475899996,0.0003782867507072082,0.0033848939169641135,0.725881873221738,1.3776346219552529
313,476,63.109375,49.681428973000045,463.5851776189998,0.0003318488886788549,0.0030965338393237627,0.8466225671596067,1.181163884344555
314,451,65.84375,49.58347882300001,458.405924698,0.00035429677113091204,0.003275521259158693,0.7667533755062346,1.3042003230044716
315,447,66.984375,50.00212293000005,465.41685844599994,0.00027634337483834625,0.0025721880958870795,1.0220859911305895,0.9783912593243169
316,77,112.390625,51.464760762,463.3315641000001,0.00032120707240533504,0.0028917918407469594,0.8561706162345845,1.167991497299888
317,347,83.46875,50.376030448999984,470.195959223,0.0002846215977411535,0.0026565794083551328,0.9546949711211145,1.0474549780289333
318,84,111.546875,51.356821921999995,474.22803517799986,0.0002538797255497113,0.0023443211420252305,1.1303040680052023,0.8847176864229399
319,122,108.140625,51.04126750999997,464.8306677659999,0.00027231885435784696,0.002479996306745913,1.0398482398068514,0.961678792845528
320,82,111.6875,51.48637023199995,467.93210025499985,0.00027330397978607613,0.0024839137949146687,1.0541685103597516,0.9486149417029487
321,177,103.75,50.96973652400003,457.55967429599986,0.0003360257939136628,0.0030165322268400087,0.8448302605969722,1.1836697223574617
322,139,106.359375,51.75655188000002,474.70698138800003,0.00043249395738280286,0.00396680021215008,0.6388917336742675,1.5652104218800862
323,2,123.703125,52.274548249999995,473.698005154,0.00032508238756498594,0.0029458098377776673,0.8435363340209309,1.185485390099612
324,403,73.640625,51.31318286700002,466.3385252700003,0.0002659830440081071,0.002417276293522153,1.0343762246824206,0.9667662269664261
325,126,107.546875,51.783700984000056,472.61103634500023,0.00028196644187920665,0.002573405333701785,1.0082938557660868,0.9917743664521438
326,388,75.25,51.01331344800001,473.3073007630004,0.00027072962998264606,0.0025118601741929343,1.0612626183079188,0.9422738375487151
327,185,102.703125,52.01633417700003,480.2350201050001,0.0002299399876092426,0.0021228953619975514,1.2522781820910172,0.7985446159656231
328,188,101.59375,51.832609612000006,472.2665852010001,0.0002785681020487134,0.0025381397403153694,0.9862085075528805,1.0139843576094683
329,383,75.5625,51.40678905100004,476.0613216660002,0.00024164366051669209,0.0022377822564186942,1.196816043494234,0.8355502965020352
330,416,71.296875,51.27612970599997,474.4548833189999,0.0002533994045356381,0.00234468914875984,1.1429937366178922,0.8748954328997381
331,278,91.203125,51.85862169400005,479.2716368249998,0.0002124987571565552,0.0019638899731398685,1.36115087697813,0.7346724135535104
332,371,79.21875,51.233968841999996,474.12783760200017,0.0004475364154612159,0.004141577896593293,0.6274484548703378,1.593756414949894
333,442,67.09375,50.433617019999964,467.57761873099975,0.0003041596076302821,0.0028199092877578946,0.9548883663103136,1.0472428351640701
334,49,115.078125,52.14167267199999,485.71707737799994,0.0002749377675178883,0.002561137034089291,1.037796432478907,0.9635801094549673
335,399,73.84375,51.25964767800004,479.96102781699983,0.00030994883135305773,0.0029021533780603567,0.9185740758907466,1.0886438298732677
336,398,74.984375,44.80405821899998,379.5372102,0.0005150010140348052,0.004362596958550772,0.535661388584576,1.8668510019779205
337,210,99.171875,51.67152516900007,488.97074935499984,0.00037727457045122714,0.0035701719433046133,0.7384598596659155,1.3541697451942845
338,367,79.625,51.50605473000002,473.7653753240004,0.00022555058408544522,0.00207466981666426,1.2648042374240662,0.7906361873333271
339,34,116.859375,52.75776298300003,487.7680682529998,0.00016690529710465882,0.0015431108096104317,1.7067297785683364,0.5859158330493504
340,325,85.890625,51.317956998999996,481.5603690269996,0.00039246514170452284,0.0036828367597164196,0.7047080597074609,1.4190273351139493
341,413,71.78125,51.37905387499997,483.302762976,0.00023578540230649898,0.002217941511367287,1.2135305239572192,0.8240419010962209
342,83,110.953125,52.894637441,494.7620039530002,0.0002671163030234167,0.002498533003837978,1.0781980976972187,0.9274733484837047
343,189,101.078125,52.61742167600001,494.06733477400024,0.00026086324918073433,0.002449455069403338,1.1030370118560175,0.906587892565234
344,370,79.015625,51.77277612099994,474.4395354900001,0.00029518659057528905,0.0027050546524317242,0.9289481048127377,1.0764863987763722
345,391,74.3125,52.27213263200003,496.6800391270005,0.0002650394101732042,0.002518354962514707,1.095366506839515,0.9129364406853392
346,355,81.453125,52.24685301500001,479.2297790440003,0.0004255600056609,0.003903412659596653,0.6517999799386159,1.5342129959779627
347,0,123.265625,53.691750585000044,486.2003951049998,0.0002416490041586219,0.0021882289181957694,1.1374080032343765,0.8791919848958
348,65,112.5625,53.485118695000025,484.6069027429999,0.0002842156319313443,0.002575162221978372,0.9753272190283385,1.025296926498413
349,162,104.578125,52.748590877999966,493.20775351399993,0.000507490772349432,0.004745119814450644,0.5499074385501977,1.818487857950145
350,312,86.609375,52.66353049900005,503.40872958099965,0.0004071083062693263,0.0038915331600262804,0.7033543079175807,1.4217585486334723
351,350,82.34375,52.881192117999994,490.8951143440001,0.00021239644347602557,0.0019716722000851497,1.3464287360691616,0.7427054794741349
352,129,106.75,53.615203795000035,501.7549537620003,0.00023160115333609809,0.0021674267326801974,1.2327058795773937,0.8112235177646984
353,291,88.4375,53.26163090900004,496.94589048999967,0.000247548898980275,0.0023097003592277214,1.1475574123409524,0.8714160958274466
354,424,69.09375,52.88983681199997,488.2226424160003,0.00036946886023848924,0.0034105430099405547,0.7403367945656051,1.3507365935888045
355,148,105.140625,53.52058004599995,515.5035713449998,0.00027189337773058845,0.002618843202459815,1.0475813916191972,0.9545797663075584
356,380,75.1875,53.116729100000036,498.9468916450001,0.0001876127321020491,0.0017623221742270921,1.5296214390419278,0.6537565272531392
357,457,64.421875,52.54687732099997,485.47015899600024,0.00027481670295020563,0.0025389769150501824,1.0108073824105235,0.9893081683032917
358,227,96.171875,53.70403481399997,510.570105926,0.00031066678321484126,0.002953542931421266,0.9134598400656664,1.0947388775494633
359,353,81.328125,53.345617425,494.47259420299963,0.0003319392033115756,0.0030768195571063204,0.826218870134555,1.2103330438787288
360,41,115.3125,54.30777601,507.30215698099994,0.0002351932856517992,0.002196997739267324,1.2232326786518644,0.817505955696106
361,187,100.890625,54.17060429299994,499.66129816400013,0.00019426292188329272,0.001791851226327945,1.4832358775684777,0.6742015987634659
362,357,80.21875,53.18860434400002,496.119086661,0.0001957946820194733,0.0018262836563324805,1.44947598929211,0.6899044947190718
363,248,94.25,53.36717583700007,490.4218104870001,0.00023576031240667633,0.002166537716078671,1.224133698345182,0.8169042330521804
364,52,113.953125,54.73705248500005,500.8774664560003,0.0003300594095815247,0.003020245215002414,0.8417149088707793,1.1880507158196492
365,54,113.59375,54.828423651000016,519.8336702319997,0.0002866066410753678,0.0027173457163646992,0.9902864122252218,1.0098088670659948
366,364,79.71875,53.49684004899999,506.0201796500003,0.0005696364764465361,0.005388122959835597,0.4916228412053714,2.034079615886395
367,324,85.0625,53.742761370000075,481.46504185899977,0.0002759761184058503,0.002472386048152122,0.9878329716943723,1.0123168882334008
368,277,90.25,54.10296641800003,502.86235226500014,0.0003064525189922175,0.0028483361405242835,0.906074017839026,1.1036625930241175
369,201,99.1875,54.709992684,522.362452809001,0.0002780389014844667,0.002654671942557597,1.0237385399904535,0.976811911378588
370,320,85.046875,54.21699477100003,528.7189524450005,0.00035052202858251193,0.003418257329529662,0.830238985839172,1.204472467634413
371,53,113.21875,55.75778254100005,518.3784905469997,0.00033850859989922075,0.0031471046561779045,0.8071821128612664,1.2388777997758653
372,95,109.3125,55.617873370000005,532.3194922789997,0.0004973919760505817,0.004760545991995991,0.5573697941373169,1.794141000316989
373,318,85.125,54.753792424000004,493.3005819689999,0.00023057335061566191,0.002077334975529334,1.1874743132175742,0.842123479109544
374,44,114.234375,56.46104749100003,534.4446567600006,0.0001867061086453312,0.0017673083760242872,1.5468110612946149,0.6464913686116537
375,21,117.6875,56.290506224999994,546.3644147210001,0.0002313283123952066,0.002245308605060493,1.2301540312525467,0.8129063309102819
376,322,84.734375,54.87161642100007,503.0759425139997,0.00031387673205429656,0.002877696031403907,0.8755136994969032,1.1421865820884705
377,27,116.59375,56.238359337000006,526.6181997599999,0.00022460574765063683,0.0021032170190944414,1.2843282201139756,0.7786171668105655
378,254,92.9375,55.959781495999984,517.0472651660003,0.00020171429522638872,0.0018637639730445796,1.4342762913855878,0.697215735912323
379,316,85.34375,55.395635909999996,522.6738124689998,0.0003451936159698897,0.0032570013925297694,0.7998317448229669,1.2502629540183328
380,121,106.515625,56.273269703999965,542.810665983,0.00023362021672651776,0.0022534952401992736,1.2353678748492378,0.8094754771909852
381,147,104.40625,56.395321215999964,526.4163845600004,0.0001689631013173623,0.0015771688679431842,1.6898056528046828,0.5917840305127595
382,423,68.546875,55.221255744999986,536.6090694260001,0.0004841039699217139,0.004704249791143958,0.6020020944807213,1.6611237887180212
383,46,113.796875,57.21221475400002,546.8211112580003,0.000358683778378243,0.003428216564003864,0.7718040633657837,1.2956656325947156
384,452,63.953125,55.166786719999976,538.4770748159995,0.0003862246682909069,0.00376989746853734,0.7117849155343515,1.404918786806938
385,341,82.53125,55.301192896,500.756193184,0.0002850665118302628,0.0025812973245770486,0.9832683922506427,1.0170163181093004
386,349,81.5,56.12724897299999,547.1109090569997,0.0002945276410553768,0.0028709635406812288,0.9723114838583526,1.0284770020732172
387,175,102.109375,55.93550915000002,506.110439883,0.0003185865170811169,0.002882604713015595,0.8613909283726964,1.1609130849440892
388,110,108.25,56.38079277499998,521.1524001649996,0.00017858694912972547,0.0016507575114901557,1.6020636527016447,0.6241949240366618
389,393,73.21875,56.09502190200007,512.6556288629993,0.0002614007004016891,0.0023889560232951495,1.0564407402373541,0.9465746273428707
390,495,59.171875,54.889614806000075,496.7042413010001,0.00022917462655421518,0.0020738350853868317,1.2111779839864338,0.8256424846071185
391,431,66.984375,54.785964571000044,533.4805323790004,0.0003008267418432008,0.0029293124917855475,0.9711767411199593,1.0296786956067354
392,257,92.671875,55.573546789,520.3876325469994,0.00026151518916642355,0.0024488138337129275,1.1016944792560937,0.9076926669136423
393,458,63.609375,54.749097040999956,543.1588380820008,0.00040489204210207114,0.004016882524512094,0.6783020397417863,1.4742694867623818
394,235,94.609375,56.54476725200001,543.0772532030002,0.00022383152398445112,0.002149762305749302,1.2923649107360693,0.7737752640084045
395,259,92.453125,56.074416982000024,518.026845201,0.00016951666308534123,0.0015660293394631035,1.678537976587379,0.5957565535890296
396,47,113.828125,56.32691669000001,508.82204800000005,0.0002341501115734602,0.002115165294168998,1.1760932714517334,0.8502726988358931
397,145,104.46875,56.659920087000025,545.7552608010004,0.0003122291966506677,0.0030074297031504028,0.9214211367876407,1.0852800745230455
398,251,93.09375,56.49611544399998,522.5517284100001,0.0001909536354461355,0.0017661949226838102,1.5063054439955548,0.6638759781332577
399,429,67.171875,54.60710172399999,535.578560532,0.0002482705238645146,0.002435001411829961,1.1572665932458435,0.8641051299988277
400,334,83.078125,55.98707603900003,522.0237545460004,0.0002487872202230716,0.0023196931858602936,1.1626030639899434,0.8601387962698936
401,144,104.640625,56.34490379599999,504.50419717299997,0.00021711952015906837,0.0019440570810986817,1.2692132681942512,0.7878896518492363
402,317,85.203125,56.117434378,533.5188177730005,0.00016409950047957143,0.001560124272668524,1.7503321950290458,0.571320120169192
403,90,109.46875,56.76660513300005,535.2454624580004,0.00026727154441530583,0.0025200711061946503,1.0791741383671054,0.9266345110095915
404,157,103.734375,56.39537721299998,527.2656083690001,0.00016851292251355828,0.0015755026918530474,1.7072986931718739,0.5857205912470818
405,42,113.84375,57.726138500000005,545.6686018940002,0.00021920097551528779,0.002072043842725216,1.3187296995817341,0.7583055119765433
406,420,69.125,56.20250616999999,543.8843370219998,0.00018087655619313664,0.0017503832578277109,1.5854480260889838,0.6307365385334144
407,13,120.046875,57.237943906,553.0066113609994,0.00021259236774155208,0.002053969392734307,1.3486449242690068,0.7414850135902306
408,234,94.140625,57.13267092499999,512.8795408259999,0.00023525715631331014,0.0021119016554362324,1.1748847268839544,0.8511473314086003
409,436,66.265625,55.81874448600004,540.9164429389998,0.0002194245165279674,0.0021263525374291916,1.3325141123836979,0.750461095088237
410,417,68.9375,56.704132454,522.693325517,0.00018212109834464952,0.001678775045501262,1.5762571281358062,0.6344142603070548
411,57,111.828125,58.32097268700002,540.5147620249998,0.00017185171461952812,0.0015927098666491824,1.666161803759369,0.6001818057188054
412,427,67.40625,56.344547301999974,555.4381019420005,0.0003059493345677469,0.0030160135420361335,0.906819192276031,1.1027556634416766
413,182,101.3125,57.077124457999986,513.2694199809996,0.0002696973286806467,0.0024252691910609807,1.040985981537436,0.9606277296098612
414,481,60.34375,56.11235302999995,503.0523752400006,0.00020816430241358058,0.0018662120035020315,1.3209679837100765,0.7570206184644956
415,238,93.6875,57.394659593000036,514.206026297,0.00016991023994801575,0.001522247364657158,1.6934228045660862,0.590519979596138
416,378,74.234375,57.29965186300001,542.965399763,0.00018497781177021294,0.001752830047820122,1.5379224884445004,0.6502278284593062
417,183,100.59375,57.79287701499999,538.3869922170004,0.0002541072263064172,0.002367212575975555,1.0916908935826142,0.9160102057078529
418,133,104.125,58.57916378899996,507.49029608900025,0.00020665541460084726,0.0017903228854877012,1.3498355429055808,0.740830988823613
419,137,103.78125,58.673685205999995,552.5272951299999,0.0003410745190029414,0.003211882477823119,0.8032065108346506,1.2450098281211042
420,485,59.625,57.01192746799995,551.0413627770004,0.00034079494693677455,0.003293909192825677,0.810553532387739,1.233724806619727
421,282,87.734375,58.31856046600005,522.8173133440004,0.0002544872839008385,0.002281441053861697,1.083677856688116,0.9227834580436586
422,102,107.4375,59.05121881100001,536.2192509189999,0.00016888375663795277,0.0015335622752619717,1.696166796507303,0.5895646595954895
423,32,114.265625,59.55278980399995,521.570337803,0.00017267984772409618,0.0015123504172625366,1.6002329954786443,0.6249089993928608
424,274,89.0625,58.10566355400003,546.0271202159997,0.0004019873504213194,0.003777531859864678,0.6890738081739489,1.4512233495712281
425,132,104.15625,59.17898959600001,524.904681467,0.00020783445164553052,0.001843446084220397,1.3295638725434658,0.7521263330410688
426,149,102.921875,58.99510929199999,535.2653207890002,0.0003094419579963283,0.0028075810164647267,0.9004290278992183,1.1105816994073257
427,407,70.328125,57.890553956999966,532.8047614870001,0.0002983280286369491,0.002745708639458903,0.9185913809223,1.0886233212812892
428,181,100.328125,58.82459562299999,529.0584088889998,0.00028183092243308115,0.0025347393861194015,0.9894852341201789,1.0106265010504887
429,410,69.5625,58.118074723999996,553.1149533660002,0.0001828440385709252,0.0017401431886325891,1.5882618337825298,0.6296191085939822
430,327,82.921875,58.314607626,551.464017269,0.00019273797053136744,0.0018226660494944787,1.4938285512073048,0.6694208643902307
431,186,99.734375,58.91330382599996,521.6346825349995,0.0001858323149856161,0.001645410702454702,1.4814418000211922,0.6750180803496262
432,249,91.859375,58.99404165899998,552.0277440810003,0.00017421952595394818,0.0016302326333755646,1.6301234818185748,0.6134504601359367
433,338,81.40625,58.43427131500005,535.2100173299998,0.00017358295403640744,0.00158987754527145,1.6653156985087951,0.6004867430814763
434,154,102.515625,59.40587807800003,545.1144276970006,0.0001944348628387955,0.0017841542354032833,1.4655615527445418,0.6823323101832949
435,308,84.6875,58.306419520000034,537.8943379060003,0.0003153726965994344,0.0029094084189613873,0.8621072389264781,1.159948501586914
436,224,94.515625,58.51372165399999,540.9674249569997,0.0002840568449122057,0.00262614469888297,0.9754948362395008,1.0251207518995853
437,207,96.375,59.15926486500002,542.8172547320003,0.0002821205315577387,0.0025886037088724114,0.9646132960274453,1.0366848602629544
438,5,120.671875,59.70199055500002,542.1965748420001,0.0001805032473023677,0.0016392793862550004,1.5754038023235695,0.6347578941507542
439,92,107.8125,59.66399629499999,519.0270811150001,0.00023536000368834834,0.002047436030291794,1.1738950485146797,0.8518649101257324
440,14,118.296875,59.52647616700002,563.0634984740002,0.0003334536378847717,0.0031541523035823332,0.8407920016960235,1.189354796409607
441,372,76.09375,58.57995320299999,552.3855348239997,0.0003134059150357918,0.002955292459762242,0.8886874076981714,1.1252550574449391
442,74,109.359375,59.71026775100003,520.2132099830002,0.0002331785627853214,0.0020315194222813213,1.175001922276355,0.8510624374662127
443,99,107.296875,59.75422214400001,550.1989301239997,0.0002986441869405503,0.002749825974580802,0.9206643776869048,1.0861721428957853
444,311,84.09375,58.92138123599999,509.92857542199994,0.00020289172900195583,0.001755904022692212,1.3581467442675998,0.7362974613904953
445,70,109.21875,60.16754912300001,556.5836218750002,0.00022998157290945998,0.002127458716205628,1.1966621518235503,0.8356577489111159
446,115,106.0625,59.491244197,560.2684464120002,0.0002543578302307087,0.0023954561431625402,1.1337210389718446,0.8820511974505524
447,267,88.765625,59.43856864299997,521.3212943089998,0.0001984083178715321,0.0017401913174542765,1.380158548461654,0.724554436962779
448,184,99.21875,59.83416963399997,558.0558108509995,0.00025783255467841035,0.0024047288739022497,1.0697680464981891,0.9347820803523064
449,337,80.53125,59.35516888300002,522.9573730660002,0.00017366687211214368,0.0015301173080204584,1.5677281226701327,0.6378657023111979
450,475,59.1875,58.68132756300002,528.4056066300001,0.00022908880919067276,0.002062867631319027,1.2102354355322142,0.826285506638003
451,36,112.90625,60.43496145999994,524.9500095750003,0.0001858313647628944,0.001614167931193,1.5060644220351653,0.6639822210584369
452,61,109.875,60.345952326000074,563.252981885,0.00024466030004216495,0.002283593815922839,1.1270735483267862,0.8872535439098582
453,9,119.5,60.66228850800003,534.8844359009998,0.00018223963189343629,0.001606882053110664,1.5167684497797034,0.6592964141265206
454,142,102.5,60.269729414000004,552.3347578460002,0.00024792257234295496,0.0022720568897691895,1.1117885289501968,0.8994516258809104
455,444,63.171875,58.99290294,554.4282986100002,0.00027088177086155357,0.0025458065607651733,1.0178942580460804,0.9824203173319499
456,362,76.953125,59.148246479,546.1083474390002,0.00023432379429207554,0.002163482227861391,1.1846947005233774,0.8440993274961199
457,335,80.765625,59.42454691199997,523.1937502599998,0.0001686424693135056,0.001484785169736356,1.6502294244098412,0.6059763480205925
458,123,103.875,60.41180284300005,547.4180526280009,0.0002317132029357392,0.002099655768408782,1.192091841609601,0.8388615416155921
459,306,83.796875,59.617609145000024,524.152779853,0.00023108854412642556,0.0020317101697495212,1.1912739306699813,0.8394374914572272
460,382,71.59375,59.471014037999936,562.4903685769995,0.00028082567118410337,0.0026561130299425774,0.9920743516189046,1.007988966117471
461,48,111.0,60.778566358000035,538.2787972180005,0.0001808170169486484,0.0016013863477195053,1.5136916483826708,0.6606365312700686
462,460,60.71875,59.21429134100005,547.7207072420002,0.0002365524857623383,0.0021880646017609327,1.1652569202946397,0.8581798422163811
463,156,101.015625,60.568620125000045,563.3604985039999,0.00026581039622318594,0.0024723541169469503,1.040147290260433,0.9614023026965913
464,301,83.984375,59.968490010000004,550.0701871040001,0.00021094199919799924,0.001934897893003247,1.317558634865536,0.7589795046214816
465,140,102.0625,60.67873513399997,530.0864982610001,0.00018620534303249753,0.0016266808796790134,1.4834991836158358,0.6740819348229302
466,213,94.703125,60.41667681800003,528.0703831620001,0.00018696113215803148,0.0016341288845214779,1.4898747131678067,0.6711973773108588
467,69,108.671875,60.93603713299998,536.4750002610002,0.00018251043687645443,0.0016068043029648649,1.5104498875104686,0.6620544039684794
468,100,106.1875,60.88092512900003,565.4695735029998,0.00020468717473120097,0.0019011598321072903,1.346981454279784,0.7424007188983079
469,453,61.0,59.47880390700011,568.0881295759999,0.00022163398322061414,0.0021168488050826296,1.2441509120921428,0.8037610150672294
470,469,59.171875,59.42393149900005,535.925814451,0.0001747243657001892,0.0015757842948153635,1.598658711701011,0.6255243803325452
471,37,112.21875,61.12516156,569.1285344029993,0.0001913851443564623,0.0017819625164864734,1.4396647940403746,0.694606136191975
472,76,107.8125,61.03705715400003,551.58424216,0.00018167737362931752,0.001641795675012799,1.5073765363468326,0.6634042496266572
473,170,99.609375,60.78561682599998,554.6791753180004,0.00019797037827151804,0.0018065136440314755,1.3983463236092297,0.7151304244995117
474,45,110.984375,61.20489344800001,544.899934445,0.00018716062555577983,0.0016662689345693508,1.486853393337937,0.6725612656100766
475,289,84.6875,60.28996035600005,562.7597522519998,0.00020844700262071558,0.001945690175608676,1.326930340842469,0.7536190629005433
476,56,109.765625,61.21999628200006,570.533376049,0.00017725659437423108,0.0016519243606196163,1.5517581393975834,0.6444303236509624
477,339,79.578125,60.14796536800002,625.9248989080003,0.000629676570507318,0.0065526779056971195,0.43226841102971647,2.313377462900602
478,229,92.0625,60.65387797800002,550.4293987490006,0.00017812970766275878,0.0016165137524052598,1.5497813586005742,0.6452523089469747
479,240,90.84375,60.59185679799997,566.5779963630002,0.00017362558541463686,0.0016235256930569094,1.5843914940652721,0.6311571374535561
480,468,58.875,59.794141153,569.8891887710005,0.00018103582363627004,0.0017254258808831067,1.5218679040048444,0.6570872526902419
481,86,106.34375,61.34695494600003,567.7865604789998,0.00017729462698653543,0.0016409209965955426,1.5485528912105113,0.6457641877626118
482,67,108.25,61.47847677499999,640.0577213090006,0.00025955398829276115,0.0027022389463442873,1.0898006960819526,0.9175989734592722
483,62,108.71875,61.50418308200005,629.6509863669997,0.00036089768267808973,0.0036947012461389494,0.7641852928225165,1.3085831530550693
484,226,92.1875,60.95779756000002,632.0124990109998,0.00026612152955557503,0.0027591569851174356,1.0827040877999188,0.9236133965578947
485,488,56.28125,59.98826358800004,628.5415589340001,0.0002429382799358519,0.0025454446597145733,1.1835498032186134,0.8449158601357903
486,138,101.46875,61.41603562599999,652.5862614759995,0.00022355540697572833,0.002375425013744702,1.2211697450472054,0.8188869762420654
487,11,118.0625,61.807362266999974,627.9321589990004,0.00024879586785199606,0.002527642674273226,1.1163576444091456,0.8957702802575153
488,473,58.046875,64.37184517899993,650.3506033610003,0.0001968094521442961,0.001988371555814075,1.4447103722354586,0.6921802592533891
489,377,71.796875,64.78603059199992,645.530759245,0.00019060096554321195,0.0018991561124464555,1.4972153976885885,0.6679065694514009
490,266,87.421875,65.25337047199997,671.4818762210007,0.00024357179293920902,0.0025064459250808157,1.1800007134194166,0.847457114752237
491,220,92.515625,65.53259392399988,662.8309407740006,0.0001877800081493237,0.0018993052465543048,1.5259369506067855,0.6553350710868835
492,494,55.5625,64.66550982099997,653.0547251270001,0.00022908529501518003,0.002313524393156368,1.252584406885424,0.798349392266921
493,351,77.8125,65.27391953899992,664.6001411930006,0.00018297336866905848,0.0018629818388546297,1.501344373805886,0.6660697022262885
494,346,78.140625,72.5279040370001,756.3301361600007,0.00021575861002876695,0.0022499580136425995,1.2546741082857995,0.7970197148375459
495,268,87.0625,77.92666645700002,862.0745731030001,0.00025075350406088113,0.0027739954728673946,1.1420844708179523,0.8755919772587465
496,283,84.484375,77.94927963199999,876.1353071849999,0.0002523904613073266,0.0028368215253817457,1.1289259753149758,0.8857976712963798
497,50,109.671875,78.95504184300007,862.7012105749999,0.00023512169813731207,0.0025690540956060806,1.2285312921745946,0.813980080417751
498,300,83.0625,78.08284929700008,820.5956467950004,0.00024989310577824744,0.0026262002041668683,1.1013806415014649,0.9079513133958329
499,173,98.4375,78.70318246700013,865.5032177000008,0.00024592823206624526,0.002704486267322868,1.118110494354915,0.8943659907037561
500,4,118.203125,79.23952348500005,830.0034397999997,0.00022123130727996106,0.0023173125980316877,1.2493595738378902,0.8004100828459768
