id,num_read,num_write,read_write_ratio,mean_key_size,mean_value_size,std_key_size,std_value_size,var_key_size,var_value_size,max_cpu_usage,max_memory_usage
1,582,583,0.9982847341337907,122.40137221269296,126.28301886792453,72.18949480101537,74.18380977078415,5211.323159625825,5503.237632107891,5.118753117206983,26.9375
2,3250,3249,1.0003077870113881,125.02800861803632,126.10249307479225,72.92088729538155,71.95444232471333,5317.455803945739,5177.441770260497,3.8854755784061696,29.26171875
3,1077,1077,1.0,124.55803156917364,128.93314763231197,71.69158712515134,70.97526394218714,5139.683664523166,5037.488091663129,5.097113402061856,26.88671875
4,2472,2472,1.0,126.31796116504854,124.72046925566343,71.70163933958499,72.0178994462755,5141.125083983922,5186.57784065385,4.853163265306122,28.76953125
5,677,6096,0.11105643044619423,126.49786745406824,126.02444225721784,71.45956132242387,72.37554434258118,5106.468904393258,5238.219418884934,5.980920716112532,30.359375
6,50,453,0.11037527593818984,131.36865342163355,120.95584988962473,71.18415968766753,73.6049776626607,5067.184590439352,5417.69273672078,2.2564556962025315,26.62890625
7,246,2218,0.1109107303877367,127.41929666366096,124.75518485121731,73.47173981362954,72.98997424178862,5398.096551241676,5327.536339816965,4.5623589743589745,28.68359375
8,4776,4776,1.0,125.65829145728644,126.96691792294807,72.27776313140318,72.33522133553691,5224.075043279224,5232.3842456611155,9.341042183622829,29.89453125
9,3550,394,9.01015228426396,125.03045685279187,119.51269035532995,74.04055752814322,70.7274890063299,5482.004159078287,5002.377701140517,2.3994962216624685,26.578125
10,750,6755,0.11102886750555144,125.459955588453,125.26839378238341,72.3632586875055,72.67512866608494,5236.441207874841,5281.674326632002,3.7792071611253197,30.44140625
11,243,2188,0.11106032906764168,127.39259597806216,125.45018281535648,72.38780562579072,71.94179037615862,5239.994403317259,5175.621202527149,3.5784478371501276,28.68359375
12,18,160,0.1125,131.325,129.35625,73.06898179548509,70.223573500337,5339.076100628931,4931.350275157232,1.8352671755725192,26.5078125
13,732,6592,0.11104368932038836,124.18431432038835,124.44144417475728,72.17040037753728,72.13607713379616,5208.566690654033,5203.61362425299,4.832879177377892,30.51953125
14,2182,2183,0.9995419147961521,125.49289967934035,123.90746678882272,72.02835664718928,73.2220650514538,5188.084161294697,5361.470810399332,2.679923273657289,27.3671875
15,7506,834,9.0,124.69544364508393,122.35971223021583,73.35745700214908,72.14366491211756,5381.31649782215,5204.708386951903,4.063299492385787,26.80078125
16,188,189,0.9947089947089947,130.7724867724868,131.55026455026456,70.48665246105853,72.88729176242973,4968.368175166048,5312.557300461556,1.797537688442211,26.49609375
17,2476,2475,1.0004040404040404,125.74222222222222,125.53818181818181,71.82564878139945,70.84060792177628,5158.923822868948,5018.391730726832,3.254478371501272,28.75390625
18,5362,596,8.996644295302014,124.75,125.95973154362416,71.98853491816503,71.19896413132138,5182.349159663866,5069.292493373188,2.6871827411167515,26.92578125
19,5881,653,9.006125574272588,124.8468606431853,120.53445635528331,72.45549391356157,72.65578222899234,5249.798598258158,5278.862691306758,2.488137755102041,26.73046875
20,2966,2965,1.000337268128162,125.34806070826306,125.99055649241147,71.99633275577106,72.56190929145157,5183.471930279714,5265.230680020846,3.6843037974683543,29.125
21,441,3971,0.11105514983631327,124.61420297154369,125.94056912616469,72.13404985407884,73.03715278011002,5203.321148350732,5334.425686225132,4.070569948186528,29.515625
22,2501,2501,1.0,124.50339864054378,125.00239904038385,72.90945404023145,72.08128740694289,5315.788488444622,5195.711994242303,6.281827411167512,28.890625
23,7228,803,9.001245330012454,124.20547945205479,125.51058530510585,71.20028208820113,72.3471530100493,5069.4801694394155,5234.110548659484,3.8915544041450776,26.8125
24,636,5724,0.1111111111111111,125.62788259958072,125.72082459818309,71.84346686059843,72.94285997167296,5161.483730549905,5320.66082084709,4.919898218829517,30.35546875
25,632,5689,0.11109158024257339,126.27438917208649,125.5137985586219,72.94850923587612,72.27443591611397,5321.484999736704,5223.594086992466,5.20609375,30.22265625
26,1236,1236,1.0,126.63106796116504,128.7071197411003,71.20119049515507,72.41657479847791,5069.609527927361,5244.160305543545,6.428453333333334,27.23046875
27,31,278,0.11151079136690648,122.14028776978417,124.22661870503597,72.35775361507666,72.20170110653345,5235.644508220139,5213.085642677194,3.5303504672897197,26.57421875
28,536,4828,0.11101905550952776,124.80613090306545,126.43206296603148,71.31740653832163,71.86042152405197,5086.172475352241,5163.920181614431,4.958615384615385,29.9140625
29,828,7452,0.1111111111111111,126.79951690821257,126.20289855072464,72.8351430039324,72.20103201438279,5304.958056403284,5212.989023941928,4.385547073791349,30.87109375
30,2009,2009,1.0,126.57640617222499,124.49527127924341,71.35754803927593,71.85943216152123,5091.899662177571,5163.777990576271,4.119309462915601,27.4140625
31,886,7973,0.11112504703373886,126.13683682428196,126.64894017308416,71.58056954688462,71.7599523802987,5123.7779366563855,5149.490765622738,6.366304909560723,31.15234375
32,6868,763,9.001310615989516,125.38925294888598,130.49934469200525,70.35596958700658,72.41438740683384,4949.962456527796,5243.843503507016,4.40816120906801,26.80859375
33,5874,653,8.99540581929556,127.24196018376723,124.43797856049005,73.62956288829312,71.45982974422175,5421.3125311211115,5106.50726707316,4.284860050890585,26.82421875
34,401,3606,0.11120354963948974,125.93732667775929,127.9381586245147,71.94928834364171,72.29046665963472,5176.700093156497,5225.911569867758,7.4460439560439555,29.37890625
35,314,2827,0.11107180756986204,125.45206933144676,125.04704633887513,72.68695117893898,72.27245264117111,5283.392871689459,5223.307410770321,4.500692307692308,29.09765625
36,2518,2518,1.0,125.03772835583797,124.76290706910247,71.38301012292666,72.68205794887658,5095.534134209851,5282.681547683852,3.8250255102040818,28.88671875
37,972,972,1.0,125.29732510288066,127.09053497942386,70.59718103565115,72.57705896546109,4983.961970180502,5267.429488076015,3.7045524296675194,26.87890625
38,2756,2757,0.9996372869060574,126.49220166848023,125.38483859267319,72.55630185199816,73.16153243408365,5264.41693843827,5352.609828103474,5.988128205128205,28.94140625
39,2260,2260,1.0,124.15663716814159,125.64336283185841,73.1767873655156,71.54897390193564,5354.842209137883,5119.255666419866,5.882025316455696,28.6796875
40,901,8105,0.11116594694632943,125.44120913016657,125.60481184454041,72.45025545719797,72.27574775310008,5249.039515813243,5223.783713269751,6.652219321148825,31.0859375
41,2724,2723,1.0003672420124863,125.62247521116416,127.46162320969519,72.63965470663389,72.95156249255292,5276.519435898999,5321.930470104854,6.602954545454545,28.96484375
42,175,1577,0.1109701965757768,125.428662016487,124.95307545973367,71.62858155606632,73.01463819398818,5130.653695734045,5331.137390598998,3.1856153846153847,27.23828125
43,4548,505,9.005940594059405,129.9920792079208,126.37029702970297,71.17190747287196,72.94749354430024,5065.440413327047,5321.336814395725,3.7218481012658224,26.66796875
44,7442,827,8.998790810157194,127.27448609431681,126.76299879081016,72.27570876211516,71.27369023566779,5223.778077066089,5079.938919809926,13.601284634760704,26.8046875
45,612,5509,0.11109094209475404,127.99037937919768,124.06571065529134,72.27595347944532,72.27683733461858,5223.813451362945,5223.941215094914,6.077227979274611,30.30078125
46,3270,3270,1.0,125.33302752293578,125.43363914373089,71.61797108197709,72.24150359984155,5129.133781898906,5218.834842365919,5.778775510204081,29.265625
47,6848,761,8.99868593955322,122.40867279894876,128.17345597897503,72.84623227224957,70.95086424134047,5306.573556262535,5034.025136593125,4.085417721518987,26.796875
48,342,3077,0.11114722131946701,123.67208319792005,124.56743581410464,72.14326640892497,72.25886597270113,5204.650888149123,5221.343711660785,6.306487179487179,29.1484375
49,6863,763,8.99475753604194,124.62516382699869,128.39449541284404,72.09255858787432,71.64840385824401,5197.337003746092,5133.493775434034,6.739428571428571,26.7890625
50,308,2767,0.11131189013371882,126.19045898084568,125.9703650162631,72.47105445592827,73.73502414202244,5252.05373395412,5436.853785224633,6.163523316062176,28.953125
51,196,1768,0.11085972850678733,125.75622171945702,127.3670814479638,72.66169226791887,72.27821790365219,5279.721523237739,5224.140783327828,5.953179487179487,27.19140625
52,1362,1361,1.0007347538574578,128.565025716385,125.66348273328435,72.79587948515851,72.21245144329255,5299.24007001772,5214.638143449885,14.649477611940299,27.03125
53,357,3210,0.11121495327102804,122.34890965732087,127.73489096573209,71.29095668595748,71.9469035553109,5082.400505199065,5176.356931197207,6.26811369509044,29.22265625
54,43,385,0.11168831168831168,124.11168831168831,122.6051948051948,72.36593562629632,70.03083378967479,5236.828639069264,4904.317681277056,2.968948717948718,26.609375
55,574,64,8.96875,111.09375,125.96875,71.48397950168153,66.22543719558242,5109.959325396825,4385.808531746032,2.44239898989899,26.4296875
56,611,5500,0.11109090909090909,126.66,125.90472727272727,72.56260435783108,71.60052401043582,5265.331551191126,5126.635038568996,6.805245478036176,30.27734375
57,4946,4945,1.0002022244691608,127.41516683518705,122.14014155712842,71.80442843627223,71.96926860377167,5155.875943059741,5179.575623361835,6.692474226804124,29.93359375
58,3414,379,9.007915567282321,120.12401055408971,128.79683377308706,72.96899340601952,72.25552387665061,5324.473998687719,5220.860730689226,3.620051413881748,26.59375
59,189,1698,0.11130742049469965,127.34628975265018,126.43816254416961,71.042918554481,70.82681995478109,5047.096276738622,5016.438424906975,6.663536895674301,27.296875
60,5306,589,9.00848896434635,124.93548387096774,128.45670628183362,72.39707153362436,72.17675000659092,5241.335966644722,5209.483241513923,4.565808080808081,26.6875
61,55,496,0.11088709677419355,127.73790322580645,124.47983870967742,72.68201015964804,71.61972808721815,5282.674600847182,5129.385451287064,3.308698979591837,26.65234375
62,246,2215,0.11106094808126411,125.06591422121896,125.1941309255079,70.83651157073062,72.56318470154011,5017.811371510254,5265.415774029824,6.778508997429306,28.66796875
63,585,5264,0.11113221884498481,127.03343465045593,125.59289513677811,72.36518861691025,71.80507870751684,5236.720523560995,5155.9693281926875,5.565938303341903,29.9375
64,983,8850,0.11107344632768362,126.58384180790961,125.84011299435028,72.36227954928157,72.05738534442212,5236.299501568373,5192.26678267454,6.866282722513089,31.48046875
65,8255,917,9.00218102508179,119.33478735005453,123.68702290076335,71.81601173689785,71.91166323745395,5157.53954179425,5171.2873095769855,5.086025641025641,26.96875
66,459,4130,0.11113801452784504,126.3547215496368,126.44019370460049,72.1403756116881,72.93028372557464,5204.233793395442,5318.826284292816,6.721424802110818,29.6796875
67,4730,525,9.00952380952381,122.02857142857142,124.84952380952382,71.45182772982359,76.65730113642732,5105.363685932388,5876.341817520902,7.708877805486285,26.77734375
68,2944,2943,1.000339789330615,127.10839279646619,125.82330954808019,72.36678711392183,72.39994882873046,5236.951877191682,5241.752590402788,17.298539325842697,29.12109375
69,3369,374,9.008021390374331,120.52941176470588,129.35828877005346,69.93047440559366,70.62102895058746,4890.27125059139,4987.329730039713,6.675461346633417,26.6015625
70,4951,4951,1.0,126.07695415067663,125.55140375681681,71.87628495886946,71.8178485282105,5166.200339488604,5157.803367220988,6.4721784776902895,29.79296875
71,1956,217,9.013824884792626,118.91244239631337,128.963133640553,75.48047749821761,75.35464623135957,5697.302483358935,5678.322708653353,5.689140625,26.6328125
72,3276,3276,1.0,125.23870573870573,124.23595848595849,73.68184408122445,71.69537467187521,5429.014147209872,5140.226749340566,7.191234567901235,29.359375
73,873,873,1.0,126.19243986254295,129.7422680412371,71.80009894724256,73.69162290960843,5155.254208833822,5430.455287051925,6.190182291666667,26.9921875
74,8348,927,9.005393743257821,123.87810140237325,124.47141316073355,73.55780572741733,73.35165597728447,5410.750783432471,5380.465434609891,39.39601449275362,26.88671875
75,1000,8996,0.11116051578479325,126.50455758114718,126.23121387283237,71.94284898502544,72.08866990402797,5175.773520082176,5196.776328531908,24.53090322580645,31.41015625
76,252,2272,0.11091549295774648,126.06470070422536,125.81822183098592,72.35930787348478,73.95912662480247,5235.869435929757,5469.952411103565,6.337176781002639,28.68359375
77,4786,532,8.996240601503759,126.89661654135338,123.38345864661655,70.89302986504318,72.98932892152443,5025.821683445903,5327.442136414483,5.997305699481865,26.83203125
78,132,1191,0.11083123425692695,127.25776658270361,126.76910159529807,71.57875057702054,72.56812217090007,5123.517534167319,5266.132355410678,9.335660847880298,27.07421875
79,375,3377,0.1110453064850459,126.02931596091206,124.85815812851644,72.29112355976449,71.68425918382967,5226.006545533137,5138.633014734467,10.695,29.26953125
80,6770,752,9.002659574468085,120.74734042553192,123.88962765957447,74.63114797841693,72.82867405384872,5569.808248576366,5304.015764441738,6.951597222222222,26.80078125
81,958,8618,0.1111626827570202,126.38036667440241,125.68832675794847,72.46489880956331,72.66336961109883,5251.16155948025,5279.965283239161,6.486614583333333,31.2421875
82,35,318,0.11006289308176101,128.80817610062894,126.78930817610063,70.60136679185048,72.94401473702418,4984.5529928774085,5320.829285955201,2.391832061068702,26.59375
83,1375,153,8.986928104575163,121.88235294117646,125.24183006535948,68.69717503351313,67.34270426468971,4719.301857585139,4535.039817681459,3.0307633587786262,26.47265625
84,599,5390,0.11113172541743971,125.4100185528757,125.19851576994434,71.60417507453776,72.06666825925073,5127.1578881050555,5193.604673988896,4.468727735368957,29.9609375
85,4780,4780,1.0,125.7489539748954,125.51192468619247,72.29540077176074,72.29383429262862,5226.624972749503,5226.398476730045,3.982897435897436,29.7578125
86,528,528,1.0,126.98106060606061,129.23674242424244,71.70720841931052,72.58662831046718,5141.923739290438,5268.818609481916,3.09529262086514,26.66796875
87,368,41,8.975609756097562,113.04878048780488,133.1951219512195,68.53865742028808,74.07706106217873,4697.5475609756095,5487.410975609756,2.1877306733167083,26.41015625
88,270,2435,0.11088295687885011,123.70390143737167,126.81971252566736,72.49671035785062,71.91826323978907,5255.773012710084,5172.236587427596,7.574005524861878,28.89453125
89,753,753,1.0,126.10491367861886,128.601593625498,72.95667535245305,72.3243697901481,5322.67647848323,5230.814465542087,5.572927461139896,26.796875
90,404,3634,0.11117226197028068,122.74463401210787,126.44276279581729,71.15457526513994,72.81179921399307,5062.973581162465,5301.558104778841,6.372224770642202,29.4921875
91,543,4884,0.11117936117936118,126.31879606879608,125.52477477477477,71.84034770923935,72.88400531705972,5161.035558984412,5312.0782310571885,6.834308093994778,29.91796875
92,5566,619,8.991922455573505,122.23263327948304,127.50726978998385,69.6733304690778,72.55180848677844,4854.372978653324,5263.764914702177,2.836005089058524,26.69140625
93,832,7492,0.11105178857447945,126.24319273892152,126.2782968499733,72.99689474913009,72.48719269775833,5328.546643015577,5254.39310520195,3.621586901763224,30.87109375
94,7096,788,9.00507614213198,127.13451776649747,125.46319796954315,73.20892923920998,72.05530429946737,5359.547320351653,5191.966877688839,5.222713567839196,26.84375
95,8572,953,8.994753410283316,123.10283315844701,127.54354669464848,71.2968106758852,71.43722962197796,5083.235212553017,5103.277776063206,4.936151960784314,26.98828125
96,2674,297,9.003367003367003,125.83501683501683,123.45454545454545,71.99692457360348,70.97948019911536,5183.557148057148,5038.086609336609,2.1770558375634517,26.5625
97,4248,472,9.0,128.71398305084745,119.75635593220339,72.83396450695332,74.13502601779139,5304.7863858001365,5496.002082658606,2.739846547314578,26.6171875
98,7487,832,8.998798076923077,125.7079326923077,125.22475961538461,73.15840114310153,72.39466782952124,5352.1516578149585,5240.987930146718,3.9757881136950903,26.91015625
99,1171,130,9.007692307692308,132.46153846153845,119.08461538461539,72.31875541802201,76.82922112610001,5230.002385211687,5902.729218843172,5.010024691358025,26.57421875
100,233,2094,0.11127029608404966,125.63849092645654,125.20152817574021,71.56703224237098,70.9718791006806,5121.840103980568,5037.007623081623,6.239584415584416,27.44140625
101,2636,2636,1.0,128.06449165402125,124.97913505311078,71.57719797525023,72.67373439386911,5123.295269988165,5281.471670750634,5.097109974424552,28.8359375
102,995,8951,0.111160764160429,124.88046028376718,124.64797229359849,71.86672495381292,72.01620531526812,5164.826155586998,5186.333828010853,20.111801242236023,31.359375
103,2218,2218,1.0,122.21100090171325,126.09197475202886,72.23700296256123,71.3184654699095,5218.18459701308,5086.323516982673,2.9985316455696203,28.68359375
104,4060,451,9.002217294900221,122.06873614190687,134.64745011086475,73.64076270320822,71.0976315368542,5422.9619315102245,5054.873210150284,5.457568922305764,26.71875
105,3140,3140,1.0,125.57197452229299,124.06369426751593,71.82952264184766,72.75848508816318,5159.4803229557065,5293.797152324465,5.606971428571429,29.19140625
106,509,4578,0.11118392311052862,127.07011795543906,124.18916557448668,72.83460225761497,71.6233413987707,5304.879286024973,5129.903033124862,9.636209677419355,29.80859375
107,867,7801,0.1111395974875016,125.28701448532239,125.66260735803102,72.25889030083866,72.25316955390558,5221.347227508636,5220.5205105854275,20.218571428571426,31.078125
108,345,3106,0.11107533805537669,122.54829362524147,121.80843528654218,72.71271256627662,73.4300965009597,5287.138568745962,5391.979072140255,3.6571683673469386,29.171875
109,1469,1469,1.0,124.6786929884275,123.1715452688904,72.94970619720041,72.78062653272556,5321.65963425786,5297.0195984960765,13.815771812080538,27.1640625
110,1465,1465,1.0,122.69488054607508,125.45597269624574,72.23343028369375,71.62493102753194,5217.668450549246,5130.1307446987075,3.3899491094147582,27.23828125
111,705,6342,0.11116367076631978,125.98880479344055,124.87117628508356,72.13623040122783,72.72150469479908,5203.635736499027,5288.417245075684,5.1283135391923995,30.44921875
112,2190,2190,1.0,126.54018264840182,126.75433789954337,71.21580700033827,73.15885652892857,5071.691166709429,5352.218288620354,4.311051282051282,28.6640625
113,4336,4336,1.0,124.98985239852398,125.25761070110701,72.27982844075223,72.0304582007861,5224.373599424575,5188.3869086151935,28.723657142857146,29.46875
114,238,2143,0.11105926271581895,125.5711619225385,124.12459169388707,71.58025830489002,71.03721271355589,5123.733378994777,5046.285590110986,13.285,27.54296875
115,2222,2221,1.0004502476361998,126.75866726699685,128.34353894642052,72.88466961995788,72.31022655729626,5312.1750656104105,5228.768864767514,3.514475703324808,28.671875
116,4794,533,8.99437148217636,124.75797373358348,126.87242026266416,73.81703374611105,73.332866142851,5448.954471074497,5377.709256725303,82.15410447761194,26.671875
117,3669,3669,1.0,124.97056418642681,126.38702643772145,72.3539419615488,71.62239758624983,5235.092917375173,5129.767836002845,22.97468085106383,29.375
118,622,622,1.0,129.86655948553056,127.11414790996784,71.29225785237618,71.423989703393,5082.586029689693,5101.38630515039,3.7548329048843185,26.7578125
119,6473,719,9.002781641168289,129.16411682892908,125.44784422809458,70.08304499152689,74.34885205871869,4911.633195284382,5527.751802449239,25.85326424870466,26.84765625
120,5099,567,8.99294532627866,127.13756613756614,124.38800705467372,73.24605501794133,71.9338948406096,5364.984575691289,5174.48522693988,3.8651822916666667,26.67578125
121,960,961,0.9989594172736732,123.74609781477628,123.93652445369406,73.07209658865177,72.52822100160733,5339.531299861255,5260.342841657995,7.184811715481172,26.83203125
122,611,5497,0.11115153720211024,125.5392032017464,124.71311624522467,72.48447582840755,72.96532967681931,5253.999236119,5323.939334846928,13.8143391521197,30.03515625
123,697,6277,0.11104030587860443,127.08507248685677,126.41500716902979,72.45529661917564,72.12461763821698,5249.770008172724,5201.960469458999,6.290232558139534,30.42578125
124,5160,573,9.00523560209424,120.93019197207678,123.47469458987784,73.41087083995507,68.80524967611284,5389.155957480565,4734.1623829922255,3.4924226804123712,26.67578125
125,423,3810,0.1110236220472441,124.76876640419948,123.87716535433071,72.18528215742855,72.30619257897628,5210.714960147571,5228.1854852680035,4.956649616368287,29.4140625
126,22,194,0.1134020618556701,120.4381443298969,129.41237113402062,74.84726270454037,72.21940556708137,5602.11273436248,5215.6425404625825,0.9280904522613065,26.53515625
127,6574,730,9.005479452054795,126.74520547945205,130.04657534246576,72.5636621132476,72.56494575991243,5265.485059285566,5265.671353139034,3.3348969072164945,26.7890625
128,2128,2129,0.9995302959135745,126.81399718177548,124.92437764208549,72.03163577281259,72.61797772140203,5188.556552107135,5273.370688346041,15.437768762677484,27.4453125
129,7367,819,8.995115995115995,123.11111111111111,120.33455433455434,71.97434758393518,73.99455088072044,5180.306710133116,5475.193560039525,4.51825974025974,26.82421875
130,60,535,0.11214953271028037,123.68971962616823,126.43177570093458,73.57312464070627,73.38750033651834,5413.004669396899,5385.7252056424795,5.600897435897436,26.70703125
131,2223,2223,1.0,127.57579847053532,124.87539361223571,71.5871909818526,73.37788119834669,5124.725912672239,5384.313449158681,59.54097087378641,28.6328125
132,2354,261,9.019157088122606,135.2911877394636,126.8199233716475,74.35879415509126,73.95056915572485,5529.230268199234,5468.686678455644,20.145794871794873,26.5546875
133,19,175,0.10857142857142857,129.78857142857143,127.53142857142858,76.59961499943977,65.04417495997099,5867.501018062398,4230.744696223317,1.7882412060301507,26.55078125
134,184,1659,0.11091018685955395,124.50934297769741,127.88969258589512,71.86017369055727,72.57466025455071,5163.88456283706,5267.081311063462,6.456020671834625,27.24609375
135,1982,1981,1.000504795557799,124.86723876829883,124.45078243311458,73.03830489349532,72.43416534157706,5334.593981715183,5246.708308730924,26.90684684684685,27.50390625
136,2384,265,8.99622641509434,133.0867924528302,123.91698113207548,71.63969728031445,70.26336208478766,5132.2462264150945,4936.940051457976,7.254427860696517,26.5703125
137,4234,4233,1.0002362390739428,124.14127096621782,127.04772029293645,72.0298383875635,71.98102886307194,5188.297618138517,5181.268516186396,27.983059701492536,29.58203125
138,4765,4765,1.0,126.70577124868835,123.57082896117524,71.79042215154784,72.1147882456611,5153.864712697452,5200.542683716541,25.740569259962047,29.86328125
139,742,6678,0.1111111111111111,124.38544474393531,124.53953279424978,72.5017544475133,72.4149561513092,5256.5043979675165,5243.925874396034,35.89349462365591,30.67578125
140,532,4793,0.11099520133528062,125.58752347172961,123.85207594408513,72.79418113816432,71.72098326932948,5298.992807575878,5143.89944111944,24.675373961218835,29.78125
141,7157,795,9.00251572327044,125.01761006289308,123.44150943396227,73.17197707140305,73.38266247126178,5354.138228537934,5385.015151371133,4.165744125326371,26.94140625
142,584,583,1.0017152658662092,126.52830188679245,124.86277873070325,70.40478548806216,69.92407544596705,4956.833819620048,4889.376326973293,8.930620347394541,26.67578125
143,4054,4054,1.0,126.6238283177109,125.85816477553034,72.14376793226305,71.7670819388922,5204.723251464226,5150.5140500236685,5.994356955380577,29.50390625
144,8042,894,8.995525727069351,127.52796420581656,121.59060402684564,70.6848184692605,72.18782395455841,4996.343562032312,5211.081927294317,3.9076410256410252,26.83203125
145,294,293,1.0034129692832765,125.67918088737201,131.12627986348122,68.6912349846057,71.88814388799543,4718.485763710319,5167.905231661134,2.282303797468354,26.53515625
146,1187,1187,1.0,125.78180286436394,128.63774220724517,70.74987702181477,71.83686214747182,5005.545098601914,5160.53476319487,4.945309278350515,27.05859375
147,406,407,0.9975429975429976,125.04914004914005,116.43488943488944,72.1704164313838,72.46096323898978,5208.569007879352,5250.591193522228,2.7360913705583756,26.6328125
148,4554,506,9.0,127.83794466403162,130.2687747035573,74.7181729516493,72.12246799289916,5582.805369232576,5201.650389386765,4.120439276485788,26.62890625
149,780,780,1.0,125.6025641025641,124.15512820512821,73.41774535898426,70.65830404150707,5390.165333596656,4992.595930022053,5.150753246753246,27.0234375
150,6155,684,8.998538011695906,124.31432748538012,123.88304093567251,73.03623741660428,71.05309753634462,5334.291975974587,5048.542669509303,4.22638961038961,26.77734375
151,4086,4085,1.0002447980416156,124.593635250918,124.79877600979192,72.97242887377821,73.10015969995332,5324.97537573862,5343.63334815868,5.8269948186528495,29.37890625
152,469,4219,0.11116378288694004,126.42450817729319,126.80706328513865,72.72946340573745,72.13167085037398,5289.5748472865025,5202.977939666691,5.679664948453608,29.55859375
153,3044,338,9.005917159763314,131.4171597633136,128.4023668639053,74.85769249738965,73.16550236430483,5603.674126033747,5353.190736221095,2.0568671679198,26.59765625
154,3696,411,8.992700729927007,129.27980535279806,126.4647201946472,74.04907440643552,69.68364469274997,5483.265420449825,4855.810337665421,3.1172564102564104,26.60546875
155,2477,2477,1.0,124.38716188938231,125.76947920872023,72.49645891789,71.60693442964883,5255.7365556333125,5127.553058412027,4.669871465295629,28.765625
156,5623,625,8.9968,127.7104,127.8912,72.39984884528774,75.00111753013572,5241.7381128205125,5625.1676307692305,5.4293246753246756,26.70703125
157,398,3578,0.11123532699832309,124.56344326439351,124.83426495248742,72.2612678400507,73.20398375158848,5221.690829851546,5358.823237102831,4.9539896373057,29.3359375
158,6746,750,8.994666666666667,125.62,127.792,70.91711535071221,75.44739324985056,5029.237249666222,5692.309148197597,4.029509043927649,26.7890625
159,2926,2927,0.9996583532627263,123.71233344721558,125.55483430133242,71.74630578623659,72.40466178042315,5147.532393972166,5242.4350475374695,5.391365979381443,29.234375
160,7587,843,9.0,124.1791221826809,125.19454329774615,71.99696444305651,72.38577778331822,5183.5628890147445,5239.700825295926,5.50037037037037,26.984375
161,5990,666,8.993993993993994,126.1006006006006,128.61861861861863,71.94089323840431,72.89299118642309,5175.4921199394885,5313.388164103953,3.619201030927835,26.71875
162,515,515,1.0,125.78252427184466,128.59029126213593,70.79665684250068,71.37592362730173,5012.166620074799,5094.52247365041,4.47668380462725,26.66796875
163,1606,179,8.972067039106145,113.1340782122905,114.92178770949721,70.33893794834916,75.69983988479694,4947.566191701713,5730.465758583893,2.341111111111111,26.484375
164,4211,468,8.997863247863247,123.57264957264957,124.56623931623932,70.70895999356506,72.64732423557861,4999.757023371584,5277.633718589286,3.8915856777493603,26.74609375
165,909,8177,0.11116546410664058,125.55240308181484,124.60046471811178,72.19481603439846,71.91208901673447,5212.091462240636,5171.348546750743,88.13627388535032,31.234375
166,8654,961,9.005202913631633,125.3309053069719,127.65660770031218,73.2051396484591,74.1924768798269,5358.9924709503985,5504.523625563649,95.27260700389105,26.93359375
167,362,362,1.0,124.3646408839779,121.87292817679558,72.69036269941198,72.33781467041443,5283.888829372064,5232.759431291226,7.7164339152119705,26.6875
168,1019,113,9.017699115044248,132.44247787610618,116.58407079646018,71.76423926066835,77.828190548123,5150.106036662452,6057.227243994943,8.319181141439206,26.47265625
169,933,8395,0.11113758189398451,126.55437760571769,125.85086360929124,72.15394676102696,72.15189884664447,5206.192033193113,5205.896507176416,63.6476923076923,31.1875
170,7446,827,9.003627569528415,126.44498186215236,129.6614268440145,71.54009904097596,71.58953823629952,5117.9857707926485,5125.061984886591,4.122810945273632,26.8046875
171,4289,477,8.9916142557652,124.0167714884696,129.19496855345912,70.50287356066501,73.559797717079,4970.655180311118,5411.04384017758,5.8391275167785235,26.6640625
172,824,825,0.9987878787878788,124.86909090909091,124.11030303030303,71.48974620801324,71.57317664175963,5110.783812886143,5122.719614592527,3.633435114503817,26.96484375
173,560,5038,0.11115522032552601,127.12921794362842,124.02520841603811,73.0224086279426,72.23370487259419,5332.272161826226,5217.7081196210365,21.99641463414634,29.98046875
174,1113,124,8.975806451612904,125.81451612903226,119.37096774193549,73.1509595084011,73.9034161770151,5351.0628769997375,5461.714922633098,23.062512820512822,26.4921875
175,2810,2810,1.0,124.65907473309609,124.91601423487545,71.90865659084449,72.27771728256431,5170.854892700002,5224.068415578295,4.091649484536083,29.203125
176,340,3058,0.11118378024852844,125.56049705689993,126.1860693263571,71.85197070704639,71.72808558629923,5162.7056944862525,5144.918261875467,4.7328756476683935,29.296875
177,3954,3955,0.9997471554993679,125.29506953223768,126.57496839443742,71.68976228622542,72.47622972416966,5139.422016655508,5252.803875030614,26.88350769230769,29.51953125
178,192,1732,0.11085450346420324,124.59411085450347,124.3013856812933,72.48382620018451,72.24622781216638,5253.905060618554,5219.517433087443,14.242962962962963,27.30859375
179,592,5333,0.11100693793362085,124.53197074817176,124.52559534970936,71.60828442931636,72.41399658228562,5127.7463989098715,5243.7869010192735,22.467825,29.828125
180,5941,660,9.001515151515152,128.30454545454546,122.81060606060606,71.03812678628609,73.6037593649391,5046.415457304456,5417.51339265186,28.086445086705204,26.71875
181,496,4463,0.11113600717006498,125.55814474568676,125.90230786466502,72.01047763147558,72.22383747584699,5185.508888713244,5216.2826997375605,5.613238095238096,29.7734375
182,1412,1413,0.9992922859164898,126.27459306440198,123.23354564755839,70.41109284532887,71.78913946608269,4957.721995673522,5153.68054528067,3.627448453608247,27.17578125
183,2588,2587,1.0003865481252416,126.81561654425975,124.92423656745265,71.66860295885567,71.68194000014067,5136.3886500740955,5138.300522183767,6.31009900990099,29.0703125
184,582,5242,0.11102632582983595,124.4400991987791,125.67226249523083,72.46772658845553,72.51557142449178,5251.571396899145,5258.50809902057,6.987634961439588,29.92578125
185,353,3177,0.1111111111111111,126.31948378973874,124.23575700346238,71.67430604714981,72.39636129733722,5137.206147340496,5241.233129094587,5.387270341207349,29.21484375
186,265,2384,0.11115771812080537,124.54614093959732,126.875,72.78217527359492,72.54968850188483,5297.245037556292,5263.45730172052,3.7422739018087854,28.71484375
187,5549,617,8.993517017828202,122.48946515397083,126.84440842787683,71.24805968562738,71.48266367804322,5076.286008966722,5109.7712065082405,5.22188630490956,26.8125
188,4321,4321,1.0,125.68456375838926,126.39435315899098,72.16269083929235,71.95390117312425,5207.453949167288,5177.363894031731,5.447232375979112,29.74609375
189,1946,216,9.00925925925926,131.22685185185185,130.75,72.01117110557607,74.41819294944257,5185.608763996554,5538.067441860465,1.1686967418546366,26.52734375
190,365,3281,0.11124657116732703,127.17647058823529,124.60286498018897,72.92863790504933,72.19488684741695,5318.586226685797,5212.101686911337,5.392253886010363,29.1015625
191,2496,2496,1.0,123.76282051282051,125.63942307692308,72.61047029658201,71.70662083273896,5272.280396690818,5141.839471250193,5.229609375,28.75390625
192,112,1006,0.11133200795228629,125.65805168986084,122.21669980119285,71.331029649285,72.48002476197053,5088.115790827176,5253.35398949586,3.3822739018087855,26.875
193,5057,562,8.998220640569395,120.80604982206405,120.6814946619217,68.92169029358196,71.41475837656414,4750.19939292443,5100.067713983038,2.548358585858586,26.6796875
194,1166,1167,0.9991431019708654,126.26392459297344,123.27849185946873,72.08996375447305,72.56020443539563,5196.962874121238,5264.983267706409,4.79984496124031,27.06640625
195,664,5974,0.1111483093404754,124.8742885838634,125.97840642785404,71.52295433593783,72.44720647135377,5115.532996940647,5248.597725502962,5.228837209302325,30.37109375
196,3141,3141,1.0,126.528494110156,123.30022285896212,73.10094386230317,72.01640358488221,5343.747993559599,5186.362385300637,5.407818181818182,29.1875
197,3686,3686,1.0,123.38795442213782,123.46961475854584,71.61343010794366,71.84555668535258,5128.48337182533,5161.784015428211,5.245466321243524,29.36328125
198,2710,2711,0.99963113242346,125.71043895241608,125.68129841386943,71.27112024533473,73.41881738398254,5079.572581024961,5390.322746062577,5.023410852713178,28.85546875
199,2822,314,8.987261146496815,129.2484076433121,121.79617834394904,72.71684820886243,73.8670975493437,5287.74001343074,5456.348100364258,1.6224242424242425,26.59375
200,7551,839,9.0,124.77473182359952,124.50178784266984,72.69004738230892,71.41012131619772,5283.842988442316,5099.405426394076,3.351125319693095,26.87890625
201,6161,685,8.994160583941605,128.36788321167884,133.75766423357663,73.86966249536627,75.11124081960166,5456.727037179323,5641.6984974601955,3.749153846153846,26.796875
202,438,3940,0.11116751269035532,124.93020304568527,124.41548223350254,72.22917710555697,73.3376055015545,5217.054025345916,5378.404380701639,5.748664921465969,29.359375
203,326,2931,0.11122483793926988,125.97202320027294,124.23268509041283,71.87223140452558,72.43653526513995,5165.617647065673,5247.051641217863,10.364123456790123,29.109375
204,5942,660,9.003030303030304,126.5030303030303,124.85757575757576,73.55166026871427,71.00865120861104,5409.846728284361,5042.228546466179,3.4138205128205126,26.8515625
205,722,723,0.9986168741355463,126.2420470262794,123.56016597510373,73.54493078763038,73.81272751675499,5408.856844557342,5448.318743462719,3.3358056265984657,26.7734375
206,35,317,0.11041009463722397,121.8391167192429,119.95583596214512,73.07055708793656,75.02723939317205,5339.3063131413965,5629.086650960348,1.5396464646464647,26.55078125
207,5729,637,8.993720565149136,126.54160125588697,125.29042386185243,72.95473469065698,69.09515441858593,5322.3933137841495,4774.140364128235,3.971705426356589,26.7734375
208,7798,867,8.994232987312571,123.45213379469435,129.3933102652826,71.99078369574522,73.79201845408713,5182.672937127575,5445.261987528335,3.6372164948453607,26.91015625
209,526,4734,0.1111111111111111,125.23257287705957,126.59167722855936,72.27016497609037,72.51386239326428,5222.97674567132,5258.260239189268,5.449166666666667,29.75390625
210,181,1632,0.11090686274509803,125.4093137254902,125.07107843137256,71.51578002382787,72.01847536522351,5114.506792416538,5186.660793931306,5.226805194805195,27.41015625
211,3568,3568,1.0,124.8052130044843,125.597533632287,72.04816012083793,72.71018864659766,5190.937376797902,5286.77153302382,5.246476683937824,29.34765625
212,6340,705,8.99290780141844,123.19858156028369,121.18581560283688,72.90096994169362,71.1398336720063,5314.551418439716,5060.8759348807225,3.4521173469387754,26.7578125
213,288,2589,0.11123986095017381,124.9517188103515,121.47624565469293,72.67067786068047,72.48936336488462,5281.027420730794,5254.7078010462765,5.268730569948186,28.79296875
214,299,299,1.0,130.247491638796,125.97324414715719,69.36073598735199,71.92776451807542,4810.911696707145,5173.603308567709,1.9010579345088163,26.578125
215,4156,462,8.995670995670995,116.24891774891775,127.65584415584415,71.35080872387294,70.34677475537349,5090.937905550703,4948.668718483252,3.3327763496143956,26.71875
216,6612,735,8.995918367346938,125.23537414965986,123.55102040816327,69.46214424173465,69.59941664009312,4824.989482659549,4844.078796641273,3.741501272264631,26.8984375
217,4701,4701,1.0,125.48372686662412,126.54903212082536,71.88500273428046,71.97656230240175,5167.45361810751,5180.625520871521,6.4474418604651165,29.7265625
218,4821,4821,1.0,126.04604853764779,126.66376270483302,72.1852903045604,72.42310553705666,5210.716136353661,5245.106215631646,5.022164948453608,29.91796875
219,400,3601,0.11108025548458761,123.60233268536517,125.51624548736461,72.61293223586554,72.27637792152616,5272.6379278904005,5223.874805455274,5.67259900990099,29.37890625
220,947,8520,0.11115023474178404,125.45539906103286,125.25657276995305,71.22680522665942,71.96064347711325,5073.257782796478,5178.334209640202,5.594222797927461,31.34375
221,443,3986,0.11113898645258405,125.66407425990968,124.60060210737582,72.30101095109646,73.16114140671594,5227.436184550569,5352.552611933486,5.654805194805195,29.39453125
222,482,4340,0.11105990783410138,127.17165898617512,126.64539170506913,71.97390617347061,72.34595456346881,5180.24316986755,5233.937141699494,6.036727272727273,29.609375
223,4290,477,8.9937106918239,126.95178197064989,126.41299790356395,72.05334582742951,72.0843873965079,5191.684644927153,5196.158906329828,3.5586153846153845,26.61328125
224,490,491,0.9979633401221996,124.15071283095723,126.24439918533605,73.68344935380338,74.11120535643164,5429.250708674508,5492.470759383183,3.503934010152284,26.6328125
225,436,437,0.9977116704805492,123.40274599542334,123.69336384439359,71.09405704115257,73.64604959533163,5054.364946570655,5423.740620998047,4.584433497536946,26.62109375
226,3540,3540,1.0,126.74039548022598,127.44774011299435,72.20836624533071,71.88126243473953,5214.048155819815,5166.915889211897,5.618501291989664,29.44140625
227,4805,534,8.99812734082397,125.88576779026218,123.6067415730337,71.65361267809286,71.00967637111746,5134.24020982215,5042.374138330839,3.4101785714285717,26.7734375
228,182,1641,0.11090798293723339,124.3491773308958,124.42961608775137,72.23898735122275,71.977266569663,5218.4712935301195,5180.726902840326,5.71774025974026,27.25390625
229,2314,257,9.003891050583658,123.5136186770428,127.91828793774319,69.07508941629862,72.47524588304198,4771.36797786965,5252.661265807393,1.4547642679900745,26.625
230,6492,721,9.004160887656033,123.00554785020805,130.03883495145632,70.80362100172835,70.61183911416853,5013.152746956388,4986.031823085221,3.6012020460358056,26.78515625
231,4045,4045,1.0,125.77849196538936,125.29493201483312,72.47600907469246,72.41620066818756,5252.771891394903,5244.106119215208,6.225904522613066,29.390625
232,430,3875,0.11096774193548387,125.11148387096775,125.04129032258065,72.2486739869131,71.86488748379446,5219.870892867254,5164.562053058437,5.851331592689295,29.47265625
233,164,163,1.0061349693251533,133.30674846625766,113.1717791411043,68.26331835758812,69.30417790588226,4659.880633189427,4803.069075210179,1.1095739348370928,26.5546875
234,381,3425,0.11124087591240876,125.85664233576642,124.19211678832117,72.281358625357,73.17242468693924,5224.5948047274715,5354.2037345657955,3.8603324808184145,29.17578125
235,172,1553,0.1107533805537669,123.93947198969737,125.41274951706374,72.48402023666651,70.82059712061411,5253.933189669479,5015.556976520336,5.275922077922078,27.09375
236,3082,3083,0.9996756406097956,126.00940642231592,126.9549140447616,71.46119036576746,70.56347498273641,5106.701728492457,4979.2040016392675,5.26532299741602,29.04296875
237,1164,1163,1.000859845227859,126.27687016337059,128.3938091143594,70.65477418513673,72.60999511232168,4992.097115152663,5272.21139021138,3.755219638242894,26.921875
238,4949,550,8.998181818181818,126.04,120.68,72.76006831348914,70.11343502134098,5294.027540983607,4915.8937704918035,3.2845128205128207,26.66796875
239,969,8717,0.11116209705173798,125.92807158426064,125.50464609383963,72.29269066159831,72.4365724524825,5226.233123093544,5247.057028663745,5.5986787564766844,31.2734375
240,7562,840,9.002380952380953,126.67380952380952,129.23809523809524,70.84227325788665,71.74845461827111,5018.627680345082,5147.8407401101085,5.382643979057591,26.875
241,6059,673,9.00297176820208,127.5408618127786,125.68945022288261,71.7141017536133,74.4962256863579,5142.912390327602,5549.687641512772,3.5074489795918367,26.78515625
242,4374,4375,0.9997714285714285,126.8656,125.83657142857143,72.2978441900678,71.86181703291982,5226.978274531321,5164.120747272846,5.637157622739018,29.625
243,2309,257,8.98443579766537,127.07782101167315,128.12451361867704,71.36822547698284,70.32291632745094,5093.423607733463,4945.312560797665,1.5472151898734177,26.546875
244,2922,2922,1.0,125.76967830253251,124.32340862422998,70.86255385139752,71.9168596846272,5021.501538342213,5172.034706898357,3.988036175710594,28.984375
245,2020,224,9.017857142857142,126.0625,123.73660714285714,75.51197823194835,70.74312338259945,5702.058856502242,5004.589505925689,1.4458690176322417,26.55078125
246,3172,353,8.98583569405099,122.21246458923513,125.78470254957507,70.02286690537014,72.57648076875697,4903.20188964718,5267.34556077775,3.29159383033419,26.57421875
247,836,7519,0.11118499800505387,125.74890277962496,124.7732411224897,71.90937322788403,72.12938993784557,5170.957958027126,5202.648892805779,5.8004663212435235,30.95703125
248,268,2411,0.11115719618415595,125.06470344255496,125.3591870593115,73.36250556323544,72.401230314409,5382.057222515752,5241.938151040098,4.678523316062176,28.75
249,2603,289,9.006920415224913,129.73010380622839,135.11418685121106,72.50921751981888,74.1635119140356,5257.586625336409,5500.226499423299,1.581077694235589,26.5390625
250,404,3636,0.1111111111111111,125.09213421342135,125.27750275027503,71.07038984171034,71.7209574380132,5051.000312252683,5143.895735825302,5.583496143958869,29.25
251,762,6857,0.11112731515239901,125.61032521510865,125.63963832579846,70.71846946670136,71.89972449923833,5001.101923712773,5169.570383066372,5.176615384615384,30.62109375
252,6520,725,8.993103448275862,124.84275862068965,124.4703448275862,71.70419663857842,72.90518905902212,5141.4918155839205,5315.166591731759,3.445692307692308,26.90234375
253,3480,3480,1.0,127.21954022988506,123.95344827586207,72.48834791788563,72.73410224102122,5254.560583864434,5290.249628807327,5.320413436692506,29.32421875
254,351,3156,0.1112167300380228,127.1137515842839,125.45215462610899,72.12566108359246,72.77791538931815,5202.110986745243,5296.624968414752,5.2159585492227984,29.1953125
255,6594,733,8.995907230559345,127.40245566166439,122.43110504774897,73.14375279677999,72.60447316080139,5350.00857319646,5271.409522957529,4.21761038961039,26.74609375
256,1678,1679,0.9994044073853484,124.05717689100655,124.95354377605717,73.52588879850774,73.3016624407387,5406.056323610526,5373.133716576002,4.077441860465116,27.40625
257,5122,569,9.001757469244287,120.56239015817224,122.84358523725835,71.21864315125117,71.83396200254165,5072.095132305255,5160.118096982598,2.8123529411764707,26.77734375
258,783,7044,0.11115843270868825,126.19108461101646,125.65644520159,72.51537392025169,72.35726140520798,5258.479454793919,5235.5732780616,5.985233160621762,30.71875
259,8310,923,9.003250270855904,130.65872156013,125.21885157096425,72.81634921429007,70.08227108302594,5302.220712897441,4911.5247201547345,3.407444168734491,26.875
260,568,5108,0.11119812059514488,124.27349256068912,125.40681284259985,72.56292642084081,71.80174803400544,5265.378290756357,5155.491020738805,5.94249343832021,29.859375
261,2842,316,8.99367088607595,129.09810126582278,122.4113924050633,74.64978463190441,73.21779901105542,5572.590345589712,5360.846092023307,3.17525641025641,26.59765625
262,564,564,1.0,123.15070921985816,128.2659574468085,72.79002368691457,72.35179138410062,5298.387548341584,5234.781716488417,3.4394072164948457,26.7734375
263,2064,229,9.013100436681222,121.66375545851528,125.29257641921397,69.83141067896038,69.83914467445364,4876.425917413621,4877.506128859266,1.5599999999999998,26.546875
264,4984,4985,0.9997993981945837,124.94222668004012,125.74302908726179,72.35214812941895,71.78055864627123,5234.833338941383,5152.448599570783,5.516623376623377,29.72265625
265,4482,4483,0.9997769350881106,126.51773366049521,126.49631942895383,71.56248044753069,72.56745110362229,5121.188607803211,5266.034959676613,3.7411025641025644,29.56640625
266,197,1772,0.11117381489841986,124.28047404063206,124.6410835214447,71.50823182506676,71.08504751566751,5113.427218747491,5053.083980304708,3.342974358974359,27.1875
267,540,540,1.0,126.08703703703704,121.62407407407407,73.55175514616978,73.75065405875861,5409.860685082113,5439.158974094688,3.5859793814432988,26.6484375
268,325,2921,0.11126326600479287,125.41937692571037,123.0147209859637,72.19239719975548,73.0973604057414,5211.742213447262,5343.224098286851,5.634177545691906,29.0
269,1634,181,9.027624309392266,132.5635359116022,132.1767955801105,69.12076868050171,70.40866197269877,4777.6806629834255,4957.379680785758,1.347286432160804,26.51171875
270,781,7027,0.11114273516436601,126.20335847445567,124.22043546321332,72.15940383438296,72.90185364933582,5206.979561733561,5314.680265509178,5.938821989528796,30.6796875
271,2213,246,8.995934959349594,130.3089430894309,123.78861788617886,73.82573303713427,73.9620147441965,5450.238858470218,5470.37962502074,1.0574752475247524,26.51953125
272,6462,718,9.0,126.6740947075209,121.50139275766017,69.70571471624542,70.34602163281018,4858.886664102594,4948.562759563797,5.817312661498708,26.76171875
273,4974,4975,0.9997989949748743,127.1153768844221,126.09869346733669,72.03248353270833,71.76798349029795,5188.678683889896,5150.643454263679,5.495926892950392,29.8515625
274,436,48,9.083333333333334,135.85416666666666,139.16666666666666,73.63740653936674,71.57746386491584,5422.467641843971,5123.333333333333,1.296395061728395,26.4375
275,1594,1593,1.0006277463904583,126.81418706842436,129.9309478970496,71.25140834089149,71.88294157248637,5076.763190560461,5167.157289113489,4.0414322250639385,27.25
276,516,57,9.052631578947368,121.9298245614035,117.89473684210526,69.15455249168933,74.73947231419628,4782.352130325815,5585.988721804511,1.2108040201005026,26.41796875
277,475,4279,0.11100724468333723,126.94858611825192,124.33442393082495,72.67307964528523,71.58478601893731,5281.376505129971,5124.3815893770425,4.807789203084833,29.59375
278,740,741,0.9986504723346828,128.26315789473685,125.2280701754386,72.17545892167756,73.21529208289931,5209.2968705547655,5360.478994784258,3.3515641025641023,26.80859375
279,3268,3267,1.0003060912151822,127.18702173247628,125.76767676767676,71.70275857866133,73.31058815185186,5141.285587789791,5374.442335170443,5.127933673469387,29.234375
280,1489,1489,1.0,125.85023505708529,126.02619207521826,73.05179155186165,71.41799181893623,5336.564248936646,5100.5295554496415,3.524051282051282,27.1171875
281,937,8436,0.11107159791370318,125.2927927927928,124.63786154575628,72.24647170345634,72.29666264360995,5219.552673598317,5226.807429403946,6.497938144329897,31.1875
282,4864,540,9.007407407407408,125.0425925925926,124.68703703703704,69.91561333278948,73.15125394754905,4888.19298770013,5351.105954098811,4.790994897959184,26.7578125
283,956,956,1.0,123.82740585774059,124.02824267782427,74.31396902055485,71.69296253404922,5522.565991587987,5139.880876908585,4.150362694300518,26.875
284,2013,2013,1.0,127.66269249875808,120.73323397913562,71.64152382860391,71.13900704524276,5132.507936484421,5060.758323383099,5.233620253164557,27.44140625
285,4522,4522,1.0,125.75563909774436,126.03272888102609,72.86921406294648,73.14753335519278,5309.922358151517,5350.56163594904,5.637932816537468,29.546875
286,2144,2143,1.0004666355576295,126.34157722818479,126.58002799813346,71.91704671723478,72.11113565032653,5172.06160852893,5200.015884779795,4.172025974025974,27.33203125
287,7402,822,9.004866180048662,129.21411192214111,127.14841849148418,72.30735517936581,70.89354779737339,5228.353613034961,5025.895119298464,5.833432835820895,26.91015625
288,1494,1494,1.0,128.02409638554218,123.0475234270415,71.92395297633146,72.56533479346962,5173.0550117415405,5265.727813688332,3.593856041131106,27.2265625
289,2770,308,8.993506493506494,121.07467532467533,123.26948051948052,72.48122934516287,72.11171737061657,5253.528607386099,5200.099782139684,4.031938775510204,26.57421875
290,5220,580,9.0,130.91379310344828,123.55,71.29885156362745,75.06466469658253,5083.526234292181,5634.703886010363,3.6521227621483376,26.90234375
291,72,644,0.11180124223602485,123.94254658385093,128.1972049689441,73.66325458838372,72.30667316644849,5426.275076553036,5228.254984399602,3.662076923076923,26.70703125
292,507,4565,0.11106243154435926,126.81226725082146,125.5750273822563,72.48590197032048,72.0393424518457,5254.20598445091,5189.666860894298,5.169376623376623,29.703125
293,3593,399,9.00501253132832,123.17042606516291,121.21052631578948,70.78920528934059,74.25049812514963,5011.111585496405,5513.136471832849,3.4856701030927835,26.62109375
294,3997,444,9.002252252252251,125.82207207207207,122.14189189189189,72.08167150707861,76.3391219285301,5195.767367254388,5827.661536818986,3.339897435897436,26.64453125
295,331,2979,0.1111111111111111,127.97616649882511,125.90802282645183,72.16835707009396,71.24101111692055,5208.27176219658,5075.281664961198,4.527840616966581,29.03515625
296,896,8068,0.11105602379771938,126.57052553296975,126.73376301437779,72.20041256759838,72.9482157907429,5212.899574931417,5321.442187052793,4.652319587628866,31.05078125
297,768,6917,0.11103079369668932,125.26398727772155,126.45930316611248,72.37436808339021,72.33072197954553,5238.049155470052,5231.733342082311,6.425348258706467,30.76171875
298,4157,4157,1.0,125.73177772432042,123.40413759923021,72.35702428559027,72.0001421117216,5235.5389634655,5184.020464108107,4.6103359173126615,29.55078125
299,1144,127,9.007874015748031,118.7244094488189,133.66141732283464,66.89967342380659,71.23415674284452,4475.566304211973,5074.305086864142,2.4541277641277643,26.5859375
300,5908,656,9.00609756097561,123.05030487804878,129.6234756097561,72.19982174111576,75.14277502790311,5212.814259448892,5646.436638894061,4.0539119170984454,26.703125
301,4358,484,9.00413223140496,127.54338842975207,124.90289256198348,69.97281472770074,75.40052385644906,4896.194800917133,5685.238997826942,3.6357435897435897,26.76171875
302,4142,4143,0.9997586290127927,125.11682355780835,124.51870625150858,72.55346428974809,71.5447243741388,5264.005180443752,5118.6475857714895,5.411804123711341,29.56640625
303,3440,382,9.00523560209424,125.97643979057591,126.37958115183245,72.57178160589949,71.32686875678935,5266.663485454371,5087.522206648253,3.202117346938776,26.5859375
304,495,4457,0.11106125196320395,125.43908458604443,125.7045097599282,72.85849229390739,71.9642057684493,5308.3598993413625,5178.846911883713,4.651532467532467,29.64453125
305,326,2929,0.11130078525093888,123.91498805052919,125.19938545578695,72.53906012058465,72.09042391978065,5261.915243177795,5197.029220933682,5.898552971576227,29.109375
306,3126,3127,0.9996802046690119,122.47457627118644,125.26127278541733,72.69112678482911,72.04683541950271,5283.9999132481,5190.746493964912,4.584183673469388,29.05859375
307,1322,1321,1.0007570022710068,124.15669947009842,123.08629825889477,72.48377333149108,73.6819134194435,5253.897396370977,5429.024365150368,4.016512820512821,27.01953125
308,588,5296,0.11102719033232629,123.88953927492447,125.74792296072508,71.88948918600748,71.82695141390192,5168.098655425086,5159.110949415027,5.488779220779221,29.93359375
309,405,3641,0.1112331776984345,125.09118374073057,126.0208733864323,72.62882402218575,71.96765607011248,5274.946078845625,5179.343520225998,5.255505319148936,29.359375
310,802,802,1.0,130.90523690773068,125.82668329177058,72.79901357185372,70.65209825254722,5299.696377034941,4991.718987487586,3.071202046035806,26.84765625
311,3013,335,8.99402985074627,120.25373134328358,125.20298507462687,72.56988027729233,74.7172353645645,5266.387523460541,5582.665260523729,2.052244897959184,26.59765625
312,284,285,0.9964912280701754,129.2877192982456,122.0,69.68218615229564,72.57822394871134,4855.607066963183,5267.598591549296,3.2373214285714282,26.5859375
313,766,6890,0.1111756168359942,126.1133526850508,127.13134978229319,72.01483136983967,71.75958851491772,5186.135937226444,5149.4385438303125,7.219565217391305,30.76953125
314,3468,3467,1.000288433804442,125.06662820882607,126.21142197865589,72.09148113945561,72.09938568359652,5197.181652880485,5198.321415952004,4.28085995085995,29.33203125
315,2275,253,8.992094861660078,129.19762845849803,123.00395256916995,73.4113794263131,67.3458556262335,5389.230629274108,4535.464270029487,6.056907216494845,26.66796875
316,587,5281,0.11115319068358266,124.75951524332513,124.30941109638326,72.31751142813825,72.31881280853345,5229.822459158906,5230.010686035703,5.165773195876289,29.9375
317,4908,545,9.005504587155963,129.0605504587156,119.1559633027523,72.18836422750897,71.11633157037885,5211.159929843497,5057.532616028063,3.562724935732648,26.6796875
318,4142,460,9.004347826086956,127.55434782608695,127.63260869565218,70.8608695620208,71.37233847270407,5021.262835085725,5094.0106990622335,3.2987403598971725,26.765625
319,850,7651,0.11109658868121815,126.02391844203372,124.53548555744347,71.8969566046423,72.65931165842385,5169.172369009818,5279.3755706759675,5.111524547803618,31.00390625
320,744,6691,0.11119414138394859,125.4830369152593,125.46943655656852,72.33925515428338,72.48599524523993,5232.967836276514,5254.219506692947,4.937832898172323,30.5703125
321,720,6480,0.1111111111111111,126.03503086419754,123.83070987654321,72.67867641794359,72.20280992798207,5282.1900058641495,5213.245761496306,4.244271099744246,30.4765625
322,110,993,0.1107754279959718,125.8539778449144,127.42900302114803,71.24834340736537,71.16039388576208,5076.326438293863,5063.8016579768055,3.308010204081633,26.890625
323,598,5384,0.11106983655274888,125.95393759286776,124.69539375928677,71.94566315155308,72.45169997220356,5176.178446316743,5249.248828862202,5.871583113456465,30.10546875
324,1582,176,8.988636363636363,125.50568181818181,127.33522727272727,74.43393981312488,74.27813450965073,5540.411396103897,5517.2412662337665,3.562059553349876,26.5078125
325,726,6531,0.11116214974735875,126.48997090797734,124.04134129536058,72.07722174728802,72.24919743175673,5195.125894807729,5219.946529532964,5.234859335038363,30.62890625
326,2200,244,9.01639344262295,123.46311475409836,126.97131147540983,72.3563616990533,73.40363631174792,5235.443078324226,5388.093823787358,4.87020725388601,26.546875
327,1154,1153,1.0008673026886383,126.84995663486556,123.20728534258456,74.25135054478008,71.49068423919876,5513.263057723812,5110.917932988821,3.7156298200514137,27.0703125
328,223,2003,0.11133300049925113,124.74937593609586,126.32301547678482,72.04591230514109,71.59419861425954,5190.61347988008,5125.729275218042,5.5522857142857145,27.5
329,762,6863,0.11103016173684978,124.57380154451405,126.10476468016903,72.44608883074571,72.50881982774135,5248.435786872297,5257.5289528118565,5.364779220779221,30.6484375
330,484,4352,0.11121323529411764,125.52068014705883,124.6615349264706,72.39912761446122,72.80484683755553,5241.633679335041,5300.54572303992,5.015301837270341,29.58984375
331,4330,4330,1.0,126.53302540415704,125.30069284064665,72.648130948585,72.26469928814916,5277.750930322754,5222.186763206625,6.841157894736842,29.72265625
332,611,5501,0.11107071441556081,123.34139247409561,125.23123068532993,72.4448114271492,71.95667367440728,5248.250702715209,5177.762886285138,6.045802469135802,30.13671875
333,375,42,8.928571428571429,124.76190476190476,137.78571428571428,77.43094784443923,73.88472752654958,5995.551684088269,5458.952961672474,2.504320987654321,26.59765625
334,604,604,1.0,129.42549668874173,127.02649006622516,74.92339534308564,71.2507027827077,5613.515169736307,5076.6626470297515,3.475706940874036,26.703125
335,4523,4523,1.0,125.20959540128233,125.44594295821358,71.33748662303148,72.70004281839752,5089.036997691195,5285.296225796834,4.18439588688946,29.66015625
336,2129,2129,1.0,126.83513386566463,125.96383278534523,72.48187202708144,71.45330845427839,5253.621772550211,5105.575289062252,6.970124378109453,27.32421875
337,159,1430,0.11118881118881119,125.64475524475525,126.03006993006993,71.54229926966003,71.91627638895253,5118.300584789598,5171.9508096522095,4.474117647058824,27.1953125
338,1174,1173,1.000852514919011,122.78772378516624,128.05967604433079,69.68105142479018,71.41854845708843,4855.448927664254,5100.609063717488,3.6662564102564104,26.9765625
339,2252,2251,1.0004442470013328,124.93425144380275,126.47090182141271,71.92287310171974,72.43978907899013,5172.899675206081,5247.5230418085785,5.32579634464752,28.69921875
340,4556,4555,1.000219538968167,125.9953896816685,124.92557628979144,72.18357097714538,72.09780505474154,5210.467919012585,5198.093493711515,5.195284974093265,29.66796875
341,5466,607,9.00494233937397,125.14332784184514,123.14662273476112,71.56621862061087,72.01205379685129,5121.723647653069,5185.735892040604,3.2963427109974424,26.69140625
342,433,3898,0.11108260646485377,125.74243201641868,123.87993842996408,73.18148145575239,72.15797151930735,5355.529228058631,5206.772853781171,6.832421052631579,29.46484375
343,738,6646,0.11104423713511886,124.69334938308756,126.08922660246765,72.27665376603402,71.72881175797768,5223.914679615159,5145.022436211398,7.804823529411764,30.5625
344,4618,4618,1.0,126.99372022520572,125.50476396708532,70.45752705318732,72.55347097237463,4964.263118450624,5264.006150139208,4.910436241610738,29.8359375
345,156,1407,0.11087420042643924,123.5358919687278,126.25941719971571,71.97689064027094,73.40389984602062,5180.672786241522,5388.132512604626,8.653271604938272,27.3359375
346,7243,805,8.997515527950311,125.672049689441,126.2919254658385,73.38714743979877,71.49952507857726,5385.673409350762,5112.1820864620995,3.4320865139949106,26.81640625
347,312,2807,0.11115069469184183,125.02458140363377,125.78019237620235,72.05623473099104,71.92475818930644,5192.10096360768,5173.170840590205,4.485809768637532,29.05859375
348,3120,3120,1.0,124.92724358974358,126.22916666666667,71.37836020785156,71.32475468080348,5094.870305961806,5087.220630276798,5.6935917312661495,29.08203125
349,4207,4207,1.0,125.44093178036606,127.63323033040172,71.72793453969201,72.72438194015936,5144.8965933303425,5288.835728578177,28.204832535885167,29.578125
350,8591,955,8.995811518324608,126.61047120418849,127.31204188481675,72.38932921763104,71.03284895400404,5240.2149845785725,5045.665630522353,15.011206896551723,26.98828125
351,2056,2056,1.0,124.62986381322958,126.75729571984436,74.00640902857701,72.43004810772729,5476.948577305046,5246.1118688876895,5.27146110056926,27.57421875
352,7734,859,9.0034924330617,130.79627473806752,121.62863795110594,72.28399497926351,73.0654824571592,5224.975930162193,5338.564726697439,3.8698714652956294,26.84375
353,183,1648,0.11104368932038836,125.70873786407768,127.46480582524272,72.02156879498534,71.01270210884924,5187.106371690806,5042.803860800161,6.1460471204188485,27.1328125
354,4768,4767,1.000209775540172,125.45605202433396,128.0539123138242,72.79136619569071,72.62978044332911,5298.582992635144,5275.085007246191,5.6945292620865136,29.77734375
355,567,567,1.0,129.26278659611992,129.56084656084656,73.80812490343999,73.47603213444502,5447.639301761798,5398.727298221997,3.821113989637306,26.796875
356,103,103,1.0,137.37864077669903,126.57281553398059,71.35854188599416,73.12165553829944,5092.041500095183,5346.776508661717,3.106610169491525,26.46875
357,37,336,0.11011904761904762,128.45238095238096,125.4077380952381,72.98933142437208,72.58060141068805,5327.44250177683,5267.943701137171,3.7374807197943443,26.58984375
358,4799,4799,1.0,124.88289226922275,123.35028130860596,72.19112841313795,72.67797172038416,5211.559021562172,5282.087573388961,7.508439306358381,29.87890625
359,4794,4795,0.9997914494264859,126.5155370177268,125.46694473409802,72.88929489351274,72.01566821641474,5312.849310073462,5186.256468656728,36.209300970873784,29.7734375
360,3278,3277,1.0003051571559354,126.73939578883125,124.79737564845895,72.56487023307152,73.25638957373819,5265.66039194251,5366.498613379297,18.476858316221765,29.2421875
361,68,609,0.1116584564860427,123.81937602627258,127.05747126436782,72.00973220229928,72.30303312805094,5185.401531846858,5227.728599516032,3.797974358974359,26.76953125
362,1783,198,9.005050505050505,112.82828282828282,132.62121212121212,72.57127291755269,71.0352951132238,5266.589652873917,5046.013151822796,6.902959999999999,26.72265625
363,6775,753,8.99734395750332,129.26826029216468,124.06905710491368,72.94060731882166,72.61716879291056,5320.332196038541,5273.253203498064,8.557025,26.9140625
364,659,5929,0.11114859166807219,125.69033563838758,127.1833361443751,71.37310429169717,72.12577309583054,5094.120016233482,5202.127144671233,125.2981350482315,30.41796875
365,58,519,0.11175337186897881,126.48305084745763,131.83474576271186,73.26501156885355,74.98397720098542,5367.761920184245,5622.596836877901,110.14082969432314,26.86328125
366,350,39,8.974358974358974,94.17948717948718,123.51282051282051,65.31255694326273,75.38912101988686,4265.730094466937,5683.519568151147,12.141749347258486,26.38671875
367,44,400,0.11,118.8875,124.6825,75.08674912049202,71.85188534282379,5638.019893483709,5162.693427318296,44.30123809523809,25.9375
368,144,1292,0.11145510835913312,120.07894736842105,122.2314241486068,72.47527929924132,69.5403621697827,5252.666109503038,4835.861970704545,42.85755102040817,27.09375
369,7370,819,8.998778998778999,125.55555555555556,127.00366300366301,71.7915535876668,73.12036656175832,5154.027166530834,5346.588006125903,101.06629629629629,27.0859375
370,3349,372,9.00268817204301,119.84408602150538,128.9220430107527,69.77284971908844,73.61729440632168,4868.2505579225,5419.50603570704,15.210274314214464,26.5625
371,3941,438,8.997716894977168,129.24429223744292,133.1461187214612,71.68247523402366,74.09720019295186,5138.377255676415,5490.395076434385,13.20630541871921,26.7421875
372,681,6133,0.11103864340453286,125.58682537094407,126.02804500244578,72.41111812849402,72.39155595661168,5243.370028618717,5240.53737381924,18.41727868852459,30.48046875
373,6702,745,8.995973154362416,125.55973154362417,126.06174496644296,74.07176112140685,74.99147944191049,5486.625795626759,5623.721988886484,4.53769820971867,26.87890625
374,718,6463,0.11109391923255454,126.68373820207334,127.08293362215689,72.65142732122587,72.10804415682729,5278.229891811365,5199.570032122953,7.248814102564102,30.515625
375,1560,1559,1.0006414368184733,128.53367543296986,125.36305323925593,73.58139756800946,72.593530090182,5414.222068061469,5269.82061095416,14.101338582677164,27.1328125
376,826,7429,0.11118589312155068,125.65526988827568,125.55202584466281,72.28409269939908,72.10672692324626,5224.990057375319,5199.380067583607,47.21171296296296,30.8203125
377,390,3508,0.11117445838084379,125.90678449258837,124.20267958950969,72.98178272547698,71.67673067076792,5326.34060978873,5137.553719649803,37.42559585492228,29.2890625
378,7202,800,9.0025,127.4225,129.14875,72.02703562605048,71.21847873325328,5187.893861076345,5072.071713078849,39.69814479638009,26.859375
379,2078,2078,1.0,127.59335899903753,123.14773820981713,73.43885206064733,73.21326261024291,5393.264991985646,5360.181822036392,23.90582633053221,27.328125
380,670,671,0.9985096870342772,125.29657228017884,127.28166915052161,76.71241101124755,71.56528972434319,5884.794003158574,5121.590693329181,4.069234567901234,26.76953125
381,2409,2409,1.0,124.4557907845579,126.00622665006226,71.78289394305534,72.12397303344895,5152.783862839931,5201.867486129671,49.55721115537848,28.734375
382,510,4590,0.1111111111111111,124.63790849673202,125.22483660130719,72.48669703685968,72.03732896007303,5254.321247313482,5189.376763701776,35.84880877742947,29.7890625
383,592,5328,0.1111111111111111,127.26332582582583,125.91591591591592,71.56383379780952,71.58476976502007,5121.382307840504,5124.379262310931,16.421314102564104,30.0859375
384,4776,4777,0.9997906635963995,125.40380992254553,125.15155955620682,72.70261362122753,72.29310319999433,5285.670027357498,5226.29277028503,12.554943566591422,29.7421875
385,3395,377,9.005305039787798,123.94960212201592,129.23607427055703,72.8771562295568,69.25669161520662,5311.079900107229,4796.489333483831,7.278947368421053,26.5859375
386,840,7563,0.11106703689012297,125.04125347084491,126.28110538146238,72.20955019229405,72.48790209047881,5214.219138973433,5254.495949478843,16.65296511627907,30.8828125
387,3491,388,8.99742268041237,133.06443298969072,127.77835051546391,71.12280367085687,72.4624635635302,5058.45320200325,5250.808625695943,17.17648148148148,26.59375
388,3526,3527,0.9997164729231641,122.91040544371988,125.78140062375957,72.67145643828964,71.93261259235719,5281.140580862228,5174.300754362143,34.01397333333334,29.296875
389,1599,1599,1.0,126.3464665415885,122.16197623514697,73.32495804840924,71.91721464503343,5376.549472800976,5172.08576229981,5.475831265508685,27.1484375
390,4703,4703,1.0,125.68573251116308,126.46438443546673,72.52194187197466,71.9502489279791,5259.432052882071,5176.838320798159,35.50722972972973,29.74609375
391,2535,2535,1.0,123.20552268244576,124.47416173570019,72.240035301405,71.57589637185114,5218.622700348242,5123.108941433973,3.8978092783505156,29.05078125
392,279,2509,0.11119968114786767,125.13232363491431,126.18612993224392,73.16249875110925,72.06574305934845,5352.751223506064,5193.471322696029,7.365618811881188,28.91015625
393,3599,400,8.9975,125.2425,128.89,75.33503243198892,74.40553311680516,5675.367111528822,5536.18335839599,16.30583804143126,26.6015625
394,4636,515,9.001941747572815,124.30873786407767,131.15922330097087,70.58730707152766,71.77750077895307,4982.567919610139,5152.009618072608,3.471764705882353,26.65234375
395,39,347,0.11239193083573487,125.63112391930835,128.5043227665706,75.66733521208023,72.01366166783089,5725.545618097316,5185.9674668088155,2.643542713567839,26.61328125
396,631,5682,0.11105244632171771,128.2687434002112,126.62178810278071,71.53425442548347,73.13795216048945,5117.149556209801,5349.160046230043,38.31689075630252,30.25390625
397,2206,2205,1.000453514739229,125.53696145124717,124.88526077097505,72.60864016685056,72.97906361065326,5272.014626879185,5325.943725487775,4.376927083333333,28.69140625
398,8142,905,8.996685082872927,124.47513812154696,132.27513812154697,70.49023727834394,70.89836370704185,4968.873551557229,5026.57797633599,4.673366583541147,26.97265625
399,3757,417,9.009592326139089,127.45563549160671,128.7170263788969,71.41871773845618,74.04044192963951,5100.633243405276,5481.987041136322,15.736909722222222,26.6015625
400,2671,297,8.993265993265993,125.82491582491582,120.77104377104376,74.67883703853924,70.30739530362247,5576.928701428701,4943.129834379834,12.451299435028249,26.66796875
401,630,629,1.0015898251192368,120.77424483306837,127.59300476947536,70.92253716760477,73.98816191699233,5030.00627829028,5474.248103855073,122.67896761133603,26.71875
402,132,1192,0.11073825503355705,126.58808724832215,123.78523489932886,71.32968094990721,72.75171434172051,5087.923384415555,5292.811939659302,4.092875647668394,27.07421875
403,1090,1089,1.0009182736455464,126.65564738292011,122.6850321395776,71.68275355952467,71.11476437012924,5138.417157875547,5057.309711419003,25.59393220338983,26.9375
404,3724,3724,1.0,124.7859828141783,124.10016111707841,71.76503582892555,71.66141184672207,5150.2203675269675,5135.357947865519,26.842159329140465,29.40234375
405,1570,1571,0.9993634627625716,123.94589433481859,125.96371737746658,72.64749723253985,72.3993477989526,5277.658854151885,5241.665561713704,12.270118343195266,27.17578125
406,891,8022,0.11106955871353777,125.24208426826227,125.60545998504114,71.88536382339817,72.5389519416362,5167.505532022321,5261.899548791005,42.21331730769231,31.1875
407,4113,4113,1.0,126.7126185266229,123.24021395575006,71.12863804796888,71.57405260957425,5059.283150558966,5122.845006958103,29.617070063694268,29.671875
408,894,894,1.0,124.00447427293065,126.17561521252796,71.70778687760092,73.03779129182332,5142.006698883436,5334.518956787943,3.3621374045801526,26.9921875
409,8160,907,8.996692392502757,121.75413450937155,121.79272326350606,70.6554786115824,70.51528282970703,4992.196657831777,4972.405112553575,3.720659898477157,26.82421875
410,8713,968,9.00103305785124,125.37913223140495,123.88326446280992,73.75433563734526,73.9978465328818,5439.702025306178,5475.681291503927,3.931312335958005,27.09765625
411,352,3166,0.11118130132659507,127.86102337334175,123.59949463044852,72.33019958911814,73.6998870557832,5231.657772601665,5431.6733520352,24.081507692307692,29.203125
412,36,323,0.11145510835913312,123.14551083591331,124.81114551083591,71.66715164002792,71.73020275443983,5136.180624194758,5145.2219871930465,3.353102564102564,26.703125
413,4972,4971,1.0002011667672501,124.13558640112653,124.69301951317642,72.54669295637513,71.81264684606498,5263.022658906568,5157.056247037647,30.52162162162162,29.8828125
414,7757,862,8.998839907192576,126.99303944315545,123.51044083526682,75.11245891724903,71.25354612307531,5641.881484595423,5077.06783511322,4.7191584158415845,26.8359375
415,4510,4511,0.9997783196630459,126.16049656395478,123.07404123254267,72.08635465762104,72.19898481303521,5196.442527824323,5212.693408032889,16.305491803278688,29.66796875
416,401,3607,0.11117271971167175,125.9708899362351,124.28084280565567,73.01887770455116,72.35544332814106,5331.7565012321975,5235.310179211833,8.62188679245283,29.34375
417,1576,1575,1.0006349206349205,130.35238095238094,126.0,72.63500958833822,72.08246548040074,5275.844617897985,5195.881829733164,20.253583815028904,27.28125
418,2576,2576,1.0,126.01785714285714,125.62655279503106,72.22859928577475,73.16443707127681,5216.970554785021,5353.034851956823,24.00725752508361,28.92578125
419,765,6886,0.11109497531222771,125.04487365669475,125.68065640429857,72.55279312324258,72.11752971366876,5263.907789984035,5200.938092001896,43.47088082901555,30.625
420,2277,253,9.0,130.37549407114625,127.26482213438736,72.93488420217236,72.29682140033027,5319.49733358429,5226.830384591254,6.171970074812968,26.54296875
421,7867,874,9.001144164759726,124.98855835240275,122.61441647597255,70.79246960023542,71.92877871710816,5011.573752100257,5173.7492077347115,21.2775,26.84765625
422,4901,4901,1.0,125.22566823097327,123.6614976535401,71.73132468459967,72.61477814482312,5145.382941007458,5272.906005021882,29.217616580310878,29.9296875
423,6563,729,9.002743484224967,125.56927297668038,128.8148148148148,70.92817478005514,70.8260715950166,5030.8059776300515,5016.332417582417,43.25543859649123,26.8203125
424,2494,2493,1.0004011231448056,126.3088648215002,122.29562775772162,71.96598362136424,71.12326559886895,5179.1027985904675,5058.518909447255,5.100261096605744,28.77734375
425,544,4894,0.1111565181855333,124.09664895790765,124.508173273396,72.47073066130821,71.66424765959516,5252.006802583877,5135.764392615791,33.53784860557769,29.765625
426,686,6179,0.11102120084156013,124.94141446836058,126.72924421427416,72.43519423287378,71.94716104734654,5246.857363554152,5176.39398277282,96.09591603053435,30.40625
427,1716,1717,0.9994175888177053,121.29120559114735,123.65404775771695,72.45745635925857,72.73803662625541,5250.082982053861,5290.821972242473,6.350744416873449,27.1796875
428,4576,509,8.990176817288802,120.8565815324165,125.30255402750491,71.41040488672748,71.49072687347062,5099.445926086351,5110.924028897174,5.617911227154047,26.765625
429,356,40,8.9,128.825,110.75,64.25385850930148,73.74931551181704,4128.558333333333,5438.961538461538,3.2378802992518705,26.390625
430,916,916,1.0,125.02620087336244,128.37227074235807,72.39612774702786,71.81081745441959,5241.199312763977,5156.793503471974,6.284083769633508,26.8515625
431,660,5937,0.11116725618999494,125.82903823479872,125.30924709449216,72.60887061474541,71.2958277245756,5272.048091948841,5083.095050932364,14.119115646258503,30.296875
432,4000,4000,1.0,124.5435,127.36525,72.31427207845321,72.03909181912992,5229.353946236559,5189.630750125031,104.31341836734693,29.5078125
433,2764,2763,1.0003619254433587,124.46488052136134,125.69514844315714,73.03714230120994,72.1070357036525,5334.42415552719,5199.424597967815,89.90278846153846,27.17578125
434,574,5170,0.11102514506769826,125.82437137330754,125.72727272727273,72.14121773860793,72.15312473942136,5204.35529680924,5206.073409662498,73.05633410672854,29.89453125
435,305,2744,0.11115160349854228,122.29118075801749,128.7146501457726,73.0844635105555,71.3139009229121,5341.338806625718,5085.672464842924,118.02582302568982,27.1953125
